"DATA","MAQUINA","CODIGO","QTD","DESCRICAO","DESTINO","COMP","PESO_TOTAL"
"2025-11-12","Conformadora de Telhas","02014","100","TELHA GALVALUME OND 17 0,43MM 4,00M","Estoque","",""
"2025-11-12","Conformadora de Telhas","02000","51","TELHA GALVALUME TP 40 0,43MM","Estoque","",""
"2025-11-12","Perfil ""U"" BR200 Regiane","00651k","635","PERFIL US 50X25X1,95 GALV","Estoque","",""
"2025-11-12","Perfil ""U"" Marafon","00670k","320","PERFIL UE 75X40X15X1,95 GALV","Estoque","",""
"2025-11-13","Conformadora de Telhas","02017","100","TELHA GALVALUME OND 17 0,43MM 7,00M","Estoque","",""
"2025-11-13","Conformadora de Telhas","02016","200","TELHA GALVALUME OND 17 0,43MM 6,00M","Estoque","",""
"2025-11-13","Conformadora de Telhas","02015","100","TELHA GALVALUME OND 17 0,43MM 5,00M","Estoque","",""
"2025-11-13","Conformadora de Telhas","02000","94","TELHA GALVALUME TP 40 0,43MM","Estoque","",""
"2025-11-13","Conformadora de Telhas","02005","100","TELHA GALVALUME TP 40 0,43MM 5,00M","Estoque","",""
"2025-11-13","Conformadora de Telhas","02004","100","TELHA GALVALUME TP 40 0,43MM 4,00M","Estoque","",""
"2025-11-13","Conformadora de Telhas","02020","218","TELHA CUMEEIRA GL TRAP 40 ABAS 300MM","Estoque","",""
"2025-11-12","Perfil ""U"" BR200 Regiane","00651b","749","PERFIL US 50X25X2,00","Estoque","",""
"2025-11-13","Perfil ""U"" BR200 Regiane","00651b","635","PERFIL US 50X25X2,00","Estoque","",""
"2025-11-14","Conformadora de Telhas","02020","100","TELHA CUMEEIRA GL TRAP 40 ABAS 300MM","Estoque","",""
"2025-11-14","Conformadora de Telhas","02000","155","TELHA GALVALUME TP 40 0,43MM","Estoque","",""
"2025-11-10","Conformadora de Telhas","02004","300","TELHA GALVALUME TP 40 0,43MM 4,00M","Estoque","",""
"2025-11-10","Conformadora de Telhas","02000","10","TELHA GALVALUME TP 40 0,43MM","Estoque","",""
"2025-11-10","Conformadora de Telhas","02000","11","TELHA GALVALUME TP 40 0,43MM","Estoque","",""
"2025-11-10","Conformadora de Telhas","02006","3","TELHA GALVALUME TP 40 0,43MM 6,00M","Estoque","",""
"2025-11-10","Conformadora de Telhas","02000","3","TELHA GALVALUME TP 40 0,43MM","Estoque","",""
"2025-11-10","Conformadora de Telhas","02000","3","TELHA GALVALUME TP 40 0,43MM","Estoque","",""
"2025-11-10","Conformadora de Telhas","02000","3","TELHA GALVALUME TP 40 0,43MM","Estoque","",""
"2025-11-10","Conformadora de Telhas","02000","3","TELHA GALVALUME TP 40 0,43MM","Estoque","",""
"2025-11-10","Conformadora de Telhas","02006","100","TELHA GALVALUME TP 40 0,43MM 6,00M","Estoque","",""
"2025-11-10","Conformadora de Telhas","02005","100","TELHA GALVALUME TP 40 0,43MM 5,00M","Estoque","",""
"2025-11-10","Conformadora de Telhas","02003","100","TELHA GALVALUME TP 40 0,43MM 3,00M","Estoque","",""
"2025-11-07","Conformadora de Telhas","02000","3","TELHA GALVALUME TP 40 0,43MM","Estoque","",""
"2025-11-11","Conformadora de Telhas","02006","180","TELHA GALVALUME TP 40 0,43MM 6,00M","Estoque","",""
"2025-11-11","Conformadora de Telhas","02005","60","TELHA GALVALUME TP 40 0,43MM 5,00M","Estoque","",""
"2025-11-11","Conformadora de Telhas","02020","67","TELHA CUMEEIRA GL TRAP 40 ABAS 300MM","Estoque","",""
"2025-11-11","Conformadora de Telhas","02006","200","TELHA GALVALUME TP 40 0,43MM 6,00M","Estoque","",""
"2025-11-03","Conformadora de Telhas","02017","55","TELHA GALVALUME OND 17 0,43MM 7,00M","Estoque","",""
"2025-11-03","Conformadora de Telhas","02017","45","TELHA GALVALUME OND 17 0,43MM 7,00M","Estoque","",""
"2025-11-03","Conformadora de Telhas","02004","200","TELHA GALVALUME TP 40 0,43MM 4,00M","Estoque","",""
"2025-11-03","Conformadora de Telhas","02005","200","TELHA GALVALUME TP 40 0,43MM 5,00M","Estoque","",""
"2025-11-03","Conformadora de Telhas","02006","200","TELHA GALVALUME TP 40 0,43MM 6,00M","Estoque","",""
"2025-11-03","Conformadora de Telhas","02000","10","TELHA GALVALUME TP 40 0,43MM","Estoque","",""
"2025-11-03","Conformadora de Telhas","02000","10","TELHA GALVALUME TP 40 0,43MM","Estoque","",""
"2025-11-03","Conformadora de Telhas","02000","3","TELHA GALVALUME TP 40 0,43MM","Estoque","",""
"2025-11-03","Conformadora de Telhas","02000","2","TELHA GALVALUME TP 40 0,43MM","Estoque","",""
"2025-11-03","Conformadora de Telhas","02000","10","TELHA GALVALUME TP 40 0,43MM","Estoque","",""
"2025-11-03","Conformadora de Telhas","02000","6","TELHA GALVALUME TP 40 0,43MM","Estoque","",""
"2025-11-04","Conformadora de Telhas","02000","11","TELHA GALVALUME TP 40 0,43MM","Estoque","",""
"2025-11-04","Conformadora de Telhas","02000","21","TELHA GALVALUME TP 40 0,43MM","Estoque","",""
"2025-11-04","Conformadora de Telhas","02007","200","TELHA GALVALUME TP 40 0,43MM 7,00M","Estoque","",""
"2025-11-04","Conformadora de Telhas","02008","62","TELHA GALVALUME TP 40 0,43MM 8,00M","Estoque","",""
"2025-11-04","Conformadora de Telhas","02008","38","TELHA GALVALUME TP 40 0,43MM 8,00M","Estoque","",""
"2025-11-04","Conformadora de Telhas","02017","100","TELHA GALVALUME OND 17 0,43MM 7,00M","Estoque","",""
"2025-11-04","Conformadora de Telhas","02014","200","TELHA GALVALUME OND 17 0,43MM 4,00M","Estoque","",""
"2025-11-05","Conformadora de Telhas","02000","26","TELHA GALVALUME TP 40 0,43MM","Estoque","",""
"2025-11-05","Conformadora de Telhas","02000","26","TELHA GALVALUME TP 40 0,43MM","Estoque","",""
"2025-11-05","Conformadora de Telhas","02000","13","TELHA GALVALUME TP 40 0,43MM","Estoque","",""
"2025-11-05","Conformadora de Telhas","02000","26","TELHA GALVALUME TP 40 0,43MM","Estoque","",""
"2025-11-05","Conformadora de Telhas","02000","13","TELHA GALVALUME TP 40 0,43MM","Estoque","",""
"2025-11-05","Conformadora de Telhas","02000","10","TELHA GALVALUME TP 40 0,43MM","Estoque","",""
"2025-11-05","Conformadora de Telhas","02007","6","TELHA GALVALUME TP 40 0,43MM 7,00M","Estoque","",""
"2025-11-05","Conformadora de Telhas","02005","10","TELHA GALVALUME TP 40 0,43MM 5,00M","Estoque","",""
"2025-11-05","Conformadora de Telhas","02000","10","TELHA GALVALUME TP 40 0,43MM","Estoque","",""
"2025-11-05","Conformadora de Telhas","02000","4","TELHA GALVALUME TP 40 0,43MM","Estoque","",""
"2025-11-05","Conformadora de Telhas","02000","13","TELHA GALVALUME TP 40 0,43MM","Estoque","",""
"2025-11-05","Conformadora de Telhas","02000","14","TELHA GALVALUME TP 40 0,43MM","Estoque","",""
"2025-11-11","Conformadora de Telhas","02005","200","TELHA GALVALUME TP 40 0,43MM 5,00M","Estoque","",""
"2025-11-11","Conformadora de Telhas","02003","100","TELHA GALVALUME TP 40 0,43MM 3,00M","Estoque","",""
"2025-11-11","Conformadora de Telhas","02000","109","TELHA GALVALUME TP 40 0,43MM","Estoque","",""
"2025-11-05","Conformadora de Telhas","02000","24","TELHA GALVALUME TP 40 0,43MM","Estoque","",""
"2025-11-05","Conformadora de Telhas","02000","24","TELHA GALVALUME TP 40 0,43MM","Estoque","",""
"2025-11-05","Conformadora de Telhas","02004","18","TELHA GALVALUME TP 40 0,43MM 4,00M","Estoque","",""
"2025-11-05","Conformadora de Telhas","02016","11","TELHA GALVALUME OND 17 0,43MM 6,00M","Estoque","",""
"2025-11-05","Conformadora de Telhas","02016","89","TELHA GALVALUME OND 17 0,43MM 6,00M","Estoque","",""
"2025-11-05","Conformadora de Telhas","02016","100","TELHA GALVALUME OND 17 0,43MM 6,00M","Estoque","",""
"2025-11-06","Conformadora de Telhas","02018","100","TELHA GALVALUME OND 17 0,43MM 8,00M","Estoque","",""
"2025-11-06","Conformadora de Telhas","02017","1","TELHA GALVALUME OND 17 0,43MM 7,00M","Estoque","",""
"2025-11-06","Conformadora de Telhas","02016","100","TELHA GALVALUME OND 17 0,43MM 6,00M","Estoque","",""
"2025-11-06","Conformadora de Telhas","02015","100","TELHA GALVALUME OND 17 0,43MM 5,00M","Estoque","",""
"2025-11-06","Conformadora de Telhas","02016","212","TELHA GALVALUME OND 17 0,43MM 6,00M","Estoque","",""
"2025-11-06","Conformadora de Telhas","02015","18","TELHA GALVALUME OND 17 0,43MM 5,00M","Estoque","",""
"2025-11-06","Conformadora de Telhas","02014","18","TELHA GALVALUME OND 17 0,43MM 4,00M","Estoque","",""
"2025-11-06","Conformadora de Telhas","02013","54","TELHA GALVALUME OND 17 0,43MM 3,00M","Estoque","",""
"2025-11-06","Conformadora de Telhas","02000","35","TELHA GALVALUME TP 40 0,43MM","Estoque","",""
"2025-11-06","Conformadora de Telhas","02005","5","TELHA GALVALUME TP 40 0,43MM 5,00M","Estoque","",""
"2025-11-06","Conformadora de Telhas","02004","3","TELHA GALVALUME TP 40 0,43MM 4,00M","Estoque","",""
"2025-11-07","Conformadora de Telhas","02020","200","TELHA CUMEEIRA GL TRAP 40 ABAS 300MM","Estoque","",""
"2025-11-07","Conformadora de Telhas","02000","3","TELHA GALVALUME TP 40 0,43MM","Estoque","",""
"2025-11-07","Conformadora de Telhas","02005","1","TELHA GALVALUME TP 40 0,43MM 5,00M","Estoque","",""
"2025-11-07","Conformadora de Telhas","02004","3","TELHA GALVALUME TP 40 0,43MM 4,00M","Estoque","",""
"2025-11-07","Conformadora de Telhas","02000","8","TELHA GALVALUME TP 40 0,43MM","Estoque","",""
"2025-11-07","Conformadora de Telhas","02003","1","TELHA GALVALUME TP 40 0,43MM 3,00M","Estoque","",""
"2025-11-07","Conformadora de Telhas","02006","300","TELHA GALVALUME TP 40 0,43MM 6,00M","Estoque","",""
"2025-11-07","Conformadora de Telhas","02000","11","TELHA GALVALUME TP 40 0,43MM","Estoque","",""
"2025-11-07","Conformadora de Telhas","02003","8","TELHA GALVALUME TP 40 0,43MM 3,00M","Estoque","",""
"2025-11-07","Conformadora de Telhas","02000","2","TELHA GALVALUME TP 40 0,43MM","Estoque","",""
"2025-11-07","Conformadora de Telhas","02006","16","TELHA GALVALUME TP 40 0,43MM 6,00M","Estoque","",""
"2025-11-07","Conformadora de Telhas","02000","10","TELHA GALVALUME TP 40 0,43MM","Estoque","",""
"2025-11-07","Conformadora de Telhas","02000","52","TELHA GALVALUME TP 40 0,43MM","Estoque","",""
"2025-11-07","Conformadora de Telhas","02005","52","TELHA GALVALUME TP 40 0,43MM 5,00M","Estoque","",""
"2025-11-07","Conformadora de Telhas","02000","27","TELHA GALVALUME TP 40 0,43MM","Estoque","",""
"2025-11-07","Conformadora de Telhas","02000","4","TELHA GALVALUME TP 40 0,43MM","Estoque","",""
"2025-11-07","Conformadora de Telhas","02000","3","TELHA GALVALUME TP 40 0,43MM","Estoque","",""
"2025-11-07","Conformadora de Telhas","02000","3","TELHA GALVALUME TP 40 0,43MM","Estoque","",""
"2025-11-07","Conformadora de Telhas","02000","3","TELHA GALVALUME TP 40 0,43MM","Estoque","",""
"2025-11-07","Conformadora de Telhas","02003","6","TELHA GALVALUME TP 40 0,43MM 3,00M","Estoque","",""
"2025-11-10","Conformadora de Telhas","02015","20","TELHA GALVALUME OND 17 0,43MM 5,00M","Estoque","",""
"2025-11-10","Conformadora de Telhas","02014","21","TELHA GALVALUME OND 17 0,43MM 4,00M","Estoque","",""
"2025-11-10","Conformadora de Telhas","02017","12","TELHA GALVALUME OND 17 0,43MM 7,00M","Estoque","",""
"2025-11-10","Conformadora de Telhas","02016","14","TELHA GALVALUME OND 17 0,43MM 6,00M","Estoque","",""
"2025-11-10","Conformadora de Telhas","02015","8","TELHA GALVALUME OND 17 0,43MM 5,00M","Estoque","",""
"2025-11-10","Conformadora de Telhas","02014","29","TELHA GALVALUME OND 17 0,43MM 4,00M","Estoque","",""
"2025-11-10","Conformadora de Telhas","02014","14","TELHA GALVALUME OND 17 0,43MM 4,00M","Estoque","",""
"2025-11-11","Perfil ""U"" ZL","00664D","88","PERFIL US 150X50X2,65","Estoque","",""
"2025-11-11","Perfil ""U"" ZL","00664E","158","PERFIL US 150X50X3,00","Estoque","",""
"2025-11-12","Conformadora de Telhas","02000","48","TELHA GALVALUME TP 40 0,43MM","Estoque","",""
"2025-11-12","Conformadora de Telhas","02020","100","TELHA CUMEEIRA GL TRAP 40 ABAS 300MM","Estoque","",""
"2025-11-12","Conformadora de Telhas","02006","300","TELHA GALVALUME TP 40 0,43MM 6,00M","Estoque","",""
"2025-11-12","Conformadora de Telhas","02017","21","TELHA GALVALUME OND 17 0,43MM 7,00M","Estoque","",""
"2025-11-12","Conformadora de Telhas","02000","21","TELHA GALVALUME TP 40 0,43MM","Estoque","",""
"2025-11-12","Conformadora de Telhas","02014","10","TELHA GALVALUME OND 17 0,43MM 4,00M","Estoque","",""
"2025-11-12","Conformadora de Telhas","02000","10","TELHA GALVALUME TP 40 0,43MM","Estoque","",""
"2025-11-12","Conformadora de Telhas","02000","10","TELHA GALVALUME TP 40 0,43MM","Estoque","",""
"2025-11-12","Conformadora de Telhas","02017","100","TELHA GALVALUME OND 17 0,43MM 7,00M","Estoque","",""
"2025-11-12","Conformadora de Telhas","02016","100","TELHA GALVALUME OND 17 0,43MM 6,00M","Estoque","",""
"2025-11-14","Conformadora de Telhas","02006","10","TELHA GALVALUME TP 40 0,43MM 6,00M","Estoque","",""
"2025-11-14","Conformadora de Telhas","02004","2","TELHA GALVALUME TP 40 0,43MM 4,00M","Estoque","",""
"2025-11-14","Conformadora de Telhas","02006","150","TELHA GALVALUME TP 40 0,43MM 6,00M","Estoque","",""
"2025-11-14","Conformadora de Telhas","02007","10","TELHA GALVALUME TP 40 0,43MM 7,00M","Estoque","",""
"2025-11-14","Conformadora de Telhas","02006","4","TELHA GALVALUME TP 40 0,43MM 6,00M","Estoque","",""
"2025-11-14","Conformadora de Telhas","02005","8","TELHA GALVALUME TP 40 0,43MM 5,00M","Estoque","",""
"2025-11-14","Conformadora de Telhas","02004","15","TELHA GALVALUME TP 40 0,43MM 4,00M","Estoque","",""
"2025-11-14","Conformadora de Telhas","02006","11","TELHA GALVALUME TP 40 0,43MM 6,00M","Estoque","",""
"2025-11-14","Conformadora de Telhas","02005","100","TELHA GALVALUME TP 40 0,43MM 5,00M","Estoque","",""
"2025-11-14","Conformadora de Telhas","02000","36","TELHA GALVALUME TP 40 0,43MM","Estoque","",""
"2025-11-14","Conformadora de Telhas","02000","34","TELHA GALVALUME TP 40 0,43MM","Estoque","",""
"2025-11-14","Conformadora de Telhas","02016","10","TELHA GALVALUME OND 17 0,43MM 6,00M","Estoque","",""
"2025-11-14","Conformadora de Telhas","02015","5","TELHA GALVALUME OND 17 0,43MM 5,00M","Estoque","",""
"2025-11-14","Conformadora de Telhas","02014","10","TELHA GALVALUME OND 17 0,43MM 4,00M","Estoque","",""
"2025-11-14","Conformadora de Telhas","02013","5","TELHA GALVALUME OND 17 0,43MM 3,00M","Estoque","",""
"2025-11-14","Perfil ""U"" BR200 Regiane","00651a","241","PERFIL US 50X25X1,80","Estoque","",""
"2026-02-20","Perf. Telha Trapezoidal Marafon","02007","200","TELHA GALVALUME TP 40 0,43MM 7,00M","Estoque","",""
"2026-02-20","Perf. Telha Trapezoidal Marafon","02000","13","TELHA GALVALUME TP 40 0,43MM","Estoque","",""
"2026-02-20","Perf. Telha Trapezoidal Marafon","02020","200","TELHA CUMEEIRA GL TRAP 40 ABAS 300MM","Estoque","",""
"2026-02-20","Perf. Telha Trapezoidal Marafon","02020","200","TELHA CUMEEIRA GL TRAP 40 ABAS 300MM","Estoque","",""
"2026-02-23","Perf. Telha Ondulada V8","02007","500","TELHA GALVALUME TP 40 0,43MM 7,00M","Estoque","",""
"2026-02-23","Perf. Telha Ondulada V8","02005","500","TELHA GALVALUME TP 40 0,43MM 5,00M","Estoque","",""
"2026-02-23","Perf. Telha Trapezoidal Marafon","02000","4","TELHA GALVALUME TP 40 0,43MM","Estoque","",""
"2026-02-23","Perf. Telha Trapezoidal Marafon","02000","7","TELHA GALVALUME TP 40 0,43MM","Estoque","",""
"2026-02-23","Perf. Telha Trapezoidal Marafon","02000","21","TELHA GALVALUME TP 40 0,43MM","Estoque","",""
"2026-02-23","Perf. Telha Trapezoidal Marafon","02005","15","TELHA GALVALUME TP 40 0,43MM 5,00M","Estoque","",""
"2026-02-23","Perf. Telha Trapezoidal Marafon","02000","15","TELHA GALVALUME TP 40 0,43MM","Estoque","",""
"2026-02-23","Perf. Telha Trapezoidal Marafon","02004","32","TELHA GALVALUME TP 40 0,43MM 4,00M","Estoque","",""
"2026-02-23","Perf. Telha Trapezoidal Marafon","02000","27","TELHA GALVALUME TP 40 0,43MM","Estoque","",""
"2026-02-23","Perf. Telha Trapezoidal Marafon","02000","6","TELHA GALVALUME TP 40 0,43MM","Estoque","",""
"2026-02-02","Perf. Telha Trapezoidal Marafon","02020","100","TELHA CUMEEIRA GL TRAP 40 ABAS 300MM","Estoque","",""
"2026-02-02","Perf. Telha Trapezoidal Marafon","02000","10","TELHA GALVALUME TP 40 0,43MM","Estoque","",""
"2026-02-02","Perf. Telha Trapezoidal Marafon","02000","30","TELHA GALVALUME TP 40 0,43MM","Estoque","",""
"2026-02-02","Perf. Telha Trapezoidal Marafon","02000","24","TELHA GALVALUME TP 40 0,43MM","Estoque","",""
"2026-02-02","Perf. Telha Trapezoidal Marafon","02020","6","TELHA CUMEEIRA GL TRAP 40 ABAS 300MM","Estoque","",""
"2026-02-02","Perf. Telha Trapezoidal Marafon","02000","14","TELHA GALVALUME TP 40 0,43MM","Estoque","",""
"2026-02-02","Perf. Telha Trapezoidal Marafon","02005","7","TELHA GALVALUME TP 40 0,43MM 5,00M","Estoque","",""
"2026-02-02","Perf. Telha Trapezoidal Marafon","02005","93","TELHA GALVALUME TP 40 0,43MM 5,00M","Estoque","",""
"2026-02-02","Perf. Telha Trapezoidal Marafon","02005","38","TELHA GALVALUME TP 40 0,43MM 5,00M","Estoque","",""
"2026-02-02","Perf. Telha Trapezoidal Marafon","02000","3","TELHA GALVALUME TP 40 0,43MM","Estoque","",""
"2026-02-02","Perf. Telha Trapezoidal Marafon","02004","1","TELHA GALVALUME TP 40 0,43MM 4,00M","Estoque","",""
"2026-02-02","Perf. Telha Trapezoidal Marafon","02000","5","TELHA GALVALUME TP 40 0,43MM","Estoque","",""
"2026-02-02","Perf. Telha Trapezoidal Marafon","02003","38","TELHA GALVALUME TP 40 0,43MM 3,00M","Estoque","",""
"2026-02-02","Perf. Telha Trapezoidal Marafon","02000","4","TELHA GALVALUME TP 40 0,43MM","Estoque","",""
"2026-02-02","Perf. Telha Trapezoidal Marafon","02000","8","TELHA GALVALUME TP 40 0,43MM","Estoque","",""
"2026-02-02","Perf. Telha Trapezoidal Marafon","02000","4","TELHA GALVALUME TP 40 0,43MM","Estoque","",""
"2026-02-02","Perf. Telha Trapezoidal Marafon","02004","296","TELHA GALVALUME TP 40 0,43MM 4,00M","Estoque","",""
"2026-02-02","Perf. Telha Trapezoidal Marafon","02004","4","TELHA GALVALUME TP 40 0,43MM 4,00M","Estoque","",""
"2026-02-02","Perf. Telha Trapezoidal Marafon","02007","100","TELHA GALVALUME TP 40 0,43MM 7,00M","Estoque","",""
"2026-02-02","Perf. Telha Trapezoidal Marafon","02003","100","TELHA GALVALUME TP 40 0,43MM 3,00M","Estoque","",""
"2026-02-02","Perf. Telha Trapezoidal Marafon","02003","100","TELHA GALVALUME TP 40 0,43MM 3,00M","Estoque","",""
"2026-02-03","Perf. Telha Trapezoidal Marafon","02006","148","TELHA GALVALUME TP 40 0,43MM 6,00M","Estoque","",""
"2026-02-03","Perf. Telha Trapezoidal Marafon","02006","52","TELHA GALVALUME TP 40 0,43MM 6,00M","Estoque","",""
"2026-02-03","Perf. Telha Trapezoidal Marafon","02000","22","TELHA GALVALUME TP 40 0,43MM","Estoque","",""
"2026-02-03","Perf. Telha Trapezoidal Marafon","02020","22","TELHA CUMEEIRA GL TRAP 40 ABAS 300MM","Estoque","",""
"2026-02-03","Perf. Telha Trapezoidal Marafon","02000","44","TELHA GALVALUME TP 40 0,43MM","Estoque","",""
"2026-02-03","Perf. Telha Trapezoidal Marafon","02006","12","TELHA GALVALUME TP 40 0,43MM 6,00M","Estoque","",""
"2026-02-03","Perf. Telha Trapezoidal Marafon","02000","12","TELHA GALVALUME TP 40 0,43MM","Estoque","",""
"2026-02-03","Perf. Telha Trapezoidal Marafon","02000","24","TELHA GALVALUME TP 40 0,43MM","Estoque","",""
"2026-02-03","Perf. Telha Trapezoidal Marafon","02000","36","TELHA GALVALUME TP 40 0,43MM","Estoque","",""
"2026-02-03","Perf. Telha Trapezoidal Marafon","02000","36","TELHA GALVALUME TP 40 0,43MM","Estoque","",""
"2026-02-03","Perf. Telha Trapezoidal Marafon","02000","12","TELHA GALVALUME TP 40 0,43MM","Estoque","",""
"2026-02-03","Perf. Telha Trapezoidal Marafon","02006","12","TELHA GALVALUME TP 40 0,43MM 6,00M","Estoque","",""
"2026-02-03","Perf. Telha Trapezoidal Marafon","02000","21","TELHA GALVALUME TP 40 0,43MM","Estoque","",""
"2026-02-03","Perf. Telha Trapezoidal Marafon","02007","81","TELHA GALVALUME TP 40 0,43MM 7,00M","Estoque","",""
"2026-02-03","Perf. Telha Trapezoidal Marafon","02006","1","TELHA GALVALUME TP 40 0,43MM 6,00M","Estoque","",""
"2026-02-03","Perf. Telha Trapezoidal Marafon","02006","119","TELHA GALVALUME TP 40 0,43MM 6,00M","Estoque","",""
"2026-02-03","Perf. Telha Trapezoidal Marafon","02004","100","TELHA GALVALUME TP 40 0,43MM 4,00M","Estoque","",""
"2026-02-04","Perf. Telha Trapezoidal Marafon","02020","100","TELHA CUMEEIRA GL TRAP 40 ABAS 300MM","Estoque","",""
"2026-02-04","Perf. Telha Trapezoidal Marafon","02004","100","TELHA GALVALUME TP 40 0,43MM 4,00M","Estoque","",""
"2026-02-04","Perf. Telha Trapezoidal Marafon","02000","12","TELHA GALVALUME TP 40 0,43MM","Estoque","",""
"2026-02-04","Perf. Telha Trapezoidal Marafon","02000","7","TELHA GALVALUME TP 40 0,43MM","Estoque","",""
"2026-02-04","Perf. Telha Trapezoidal Marafon","02005","91","TELHA GALVALUME TP 40 0,43MM 5,00M","Estoque","",""
"2026-02-04","Perf. Telha Trapezoidal Marafon","02005","209","TELHA GALVALUME TP 40 0,43MM 5,00M","Estoque","",""
"2026-02-04","Perf. Telha Trapezoidal Marafon","02007","100","TELHA GALVALUME TP 40 0,43MM 7,00M","Estoque","",""
"2026-02-04","Perf. Telha Trapezoidal Marafon","02017","100","TELHA GALVALUME OND 17 0,43MM 7,00M","Estoque","",""
"2026-02-04","Perf. Telha Trapezoidal Marafon","02013","100","TELHA GALVALUME OND 17 0,43MM 3,00M","Estoque","",""
"2026-02-04","Perf. Telha Trapezoidal Marafon","02005","13","TELHA GALVALUME TP 40 0,43MM 5,00M","Estoque","",""
"2026-02-04","Perf. Telha Trapezoidal Marafon","02000","17","TELHA GALVALUME TP 40 0,43MM","Estoque","",""
"2026-02-04","Perf. Telha Trapezoidal Marafon","02000","11","TELHA GALVALUME TP 40 0,43MM","Estoque","",""
"2026-02-04","Perf. Telha Trapezoidal Marafon","02007","100","TELHA GALVALUME TP 40 0,43MM 7,00M","Estoque","",""
"2026-02-05","Perf. Telha Trapezoidal Marafon","02006","66","TELHA GALVALUME TP 40 0,43MM 6,00M","Estoque","",""
"2026-02-05","Perf. Telha Trapezoidal Marafon","02006","134","TELHA GALVALUME TP 40 0,43MM 6,00M","Estoque","",""
"2026-02-05","Perf. Telha Trapezoidal Marafon","02008","100","TELHA GALVALUME TP 40 0,43MM 8,00M","Estoque","",""
"2026-02-05","Perf. Telha Trapezoidal Marafon","02000","18","TELHA GALVALUME TP 40 0,43MM","Estoque","",""
"2026-02-05","Perf. Telha Trapezoidal Marafon","02000","16","TELHA GALVALUME TP 40 0,43MM","Estoque","",""
"2026-02-05","Perf. Telha Trapezoidal Marafon","02000","5","TELHA GALVALUME TP 40 0,43MM","Estoque","",""
"2026-02-05","Perf. Telha Trapezoidal Marafon","02020","100","TELHA CUMEEIRA GL TRAP 40 ABAS 300MM","Estoque","",""
"2026-02-05","Perf. Telha Trapezoidal Marafon","02000","10","TELHA GALVALUME TP 40 0,43MM","Estoque","",""
"2026-02-05","Perf. Telha Trapezoidal Marafon","02000","13","TELHA GALVALUME TP 40 0,43MM","Estoque","",""
"2026-02-05","Perf. Telha Trapezoidal Marafon","02006","30","TELHA GALVALUME TP 40 0,43MM 6,00M","Estoque","",""
"2026-02-05","Perf. Telha Trapezoidal Marafon","02000","32","TELHA GALVALUME TP 40 0,43MM","Estoque","",""
"2026-02-05","Perf. Telha Trapezoidal Marafon","02005","25","TELHA GALVALUME TP 40 0,43MM 5,00M","Estoque","",""
"2026-02-05","Perf. Telha Trapezoidal Marafon","02004","26","TELHA GALVALUME TP 40 0,43MM 4,00M","Estoque","",""
"2026-02-05","Perf. Telha Trapezoidal Marafon","02000","25","TELHA GALVALUME TP 40 0,43MM","Estoque","",""
"2026-02-06","Perf. Telha Trapezoidal Marafon","02007","63","TELHA GALVALUME TP 40 0,43MM 7,00M","Estoque","",""
"2026-02-06","Perf. Telha Trapezoidal Marafon","02007","37","TELHA GALVALUME TP 40 0,43MM 7,00M","Estoque","",""
"2026-02-06","Perf. Telha Trapezoidal Marafon","02000","40","TELHA GALVALUME TP 40 0,43MM","Estoque","",""
"2026-02-06","Perf. Telha Trapezoidal Marafon","02003","20","TELHA GALVALUME TP 40 0,43MM 3,00M","Estoque","",""
"2026-02-06","Perf. Telha Trapezoidal Marafon","02000","46","TELHA GALVALUME TP 40 0,43MM","Estoque","",""
"2026-02-06","Perf. Telha Trapezoidal Marafon","02003","23","TELHA GALVALUME TP 40 0,43MM 3,00M","Estoque","",""
"2026-02-06","Perf. Telha Trapezoidal Marafon","02000","28","TELHA GALVALUME TP 40 0,43MM","Estoque","",""
"2026-02-06","Perf. Telha Trapezoidal Marafon","02000","28","TELHA GALVALUME TP 40 0,43MM","Estoque","",""
"2026-02-06","Perf. Telha Trapezoidal Marafon","02003","28","TELHA GALVALUME TP 40 0,43MM 3,00M","Estoque","",""
"2026-02-06","Perf. Telha Trapezoidal Marafon","02000","38","TELHA GALVALUME TP 40 0,43MM","Estoque","",""
"2026-02-06","Perf. Telha Trapezoidal Marafon","02000","10","TELHA GALVALUME TP 40 0,43MM","Estoque","",""
"2026-02-06","Perf. Telha Trapezoidal Marafon","02000","3","TELHA GALVALUME TP 40 0,43MM","Estoque","",""
"2026-02-06","Perf. Telha Trapezoidal Marafon","02000","3","TELHA GALVALUME TP 40 0,43MM","Estoque","",""
"2026-02-06","Perf. Telha Trapezoidal Marafon","02007","69","TELHA GALVALUME TP 40 0,43MM 7,00M","Estoque","",""
"2026-02-06","Perf. Telha Trapezoidal Marafon","02007","31","TELHA GALVALUME TP 40 0,43MM 7,00M","Estoque","",""
"2026-02-06","Perf. Telha Trapezoidal Marafon","02005","100","TELHA GALVALUME TP 40 0,43MM 5,00M","Estoque","",""
"2026-02-09","Perf. Telha Trapezoidal Marafon","02000","9","TELHA GALVALUME TP 40 0,43MM","Estoque","",""
"2026-02-09","Perf. Telha Trapezoidal Marafon","02000","3","TELHA GALVALUME TP 40 0,43MM","Estoque","",""
"2026-02-09","Perf. Telha Trapezoidal Marafon","02000","10","TELHA GALVALUME TP 40 0,43MM","Estoque","",""
"2026-02-09","Perf. Telha Trapezoidal Marafon","02000","3","TELHA GALVALUME TP 40 0,43MM","Estoque","",""
"2026-02-09","Perf. Telha Trapezoidal Marafon","02005","268","TELHA GALVALUME TP 40 0,43MM 5,00M","Estoque","",""
"2026-02-09","Perf. Telha Trapezoidal Marafon","02005","32","TELHA GALVALUME TP 40 0,43MM 5,00M","Estoque","",""
"2026-02-09","Perf. Telha Trapezoidal Marafon","02004","300","TELHA GALVALUME TP 40 0,43MM 4,00M","Estoque","",""
"2026-02-09","Perf. Telha Trapezoidal Marafon","02007","100","TELHA GALVALUME TP 40 0,43MM 7,00M","Estoque","",""
"2026-02-09","Perf. Telha Trapezoidal Marafon","02000","9","TELHA GALVALUME TP 40 0,43MM","Estoque","",""
"2026-02-09","Perf. Telha Trapezoidal Marafon","02017","96","TELHA GALVALUME OND 17 0,43MM 7,00M","Estoque","",""
"2026-02-09","Perf. Telha Trapezoidal Marafon","02018","100","TELHA GALVALUME OND 17 0,43MM 8,00M","Estoque","",""
"2026-02-09","Perf. Telha Trapezoidal Marafon","02016","25","TELHA GALVALUME OND 17 0,43MM 6,00M","Estoque","",""
"2026-02-09","Perf. Telha Trapezoidal Marafon","02000","10","TELHA GALVALUME TP 40 0,43MM","Estoque","",""
"2026-02-09","Perf. Telha Trapezoidal Marafon","02000","34","TELHA GALVALUME TP 40 0,43MM","Estoque","",""
"2026-02-10","Perf. Telha Trapezoidal Marafon","02006","7","TELHA GALVALUME TP 40 0,43MM 6,00M","Estoque","",""
"2026-02-10","Perf. Telha Trapezoidal Marafon","02004","1","TELHA GALVALUME TP 40 0,43MM 4,00M","Estoque","",""
"2026-02-10","Perf. Telha Trapezoidal Marafon","02006","93","TELHA GALVALUME TP 40 0,43MM 6,00M","Estoque","",""
"2026-02-10","Perf. Telha Trapezoidal Marafon","02000","95","TELHA GALVALUME TP 40 0,43MM","Estoque","",""
"2026-02-10","Perf. Telha Trapezoidal Marafon","02000","11","TELHA GALVALUME TP 40 0,43MM","Estoque","",""
"2026-02-10","Perf. Telha Trapezoidal Marafon","02003","11","TELHA GALVALUME TP 40 0,43MM 3,00M","Estoque","",""
"2026-02-10","Perf. Telha Trapezoidal Marafon","02000","62","TELHA GALVALUME TP 40 0,43MM","Estoque","",""
"2026-02-10","Perf. Telha Trapezoidal Marafon","02006","100","TELHA GALVALUME TP 40 0,43MM 6,00M","Estoque","",""
"2026-02-10","Perf. Telha Trapezoidal Marafon","02016","56","TELHA GALVALUME OND 17 0,43MM 6,00M","Estoque","",""
"2026-02-10","Perf. Telha Trapezoidal Marafon","02016","144","TELHA GALVALUME OND 17 0,43MM 6,00M","Estoque","",""
"2026-02-10","Perf. Telha Trapezoidal Marafon","02014","1","TELHA GALVALUME OND 17 0,43MM 4,00M","Estoque","",""
"2026-02-11","Perf. Telha Ondulada V8","02018","100","TELHA GALVALUME OND 17 0,43MM 8,00M","Estoque","",""
"2026-02-11","Perf. Telha Trapezoidal Marafon","02000","47","TELHA GALVALUME TP 40 0,43MM","Estoque","",""
"2026-02-11","Perf. Telha Trapezoidal Marafon","02003","10","TELHA GALVALUME TP 40 0,43MM 3,00M","Estoque","",""
"2026-02-11","Perf. Telha Trapezoidal Marafon","02000","44","TELHA GALVALUME TP 40 0,43MM","Estoque","",""
"2026-02-11","Perf. Telha Trapezoidal Marafon","02000","19","TELHA GALVALUME TP 40 0,43MM","Estoque","",""
"2026-02-11","Perf. Telha Trapezoidal Marafon","02000","19","TELHA GALVALUME TP 40 0,43MM","Estoque","",""
"2026-02-11","Perf. Telha Trapezoidal Marafon","02006","200","TELHA GALVALUME TP 40 0,43MM 6,00M","Estoque","",""
"2026-02-11","Perf. Telha Trapezoidal Marafon","02003","200","TELHA GALVALUME TP 40 0,43MM 3,00M","Estoque","",""
"2026-02-11","Perf. Telha Trapezoidal Marafon","02004","100","TELHA GALVALUME TP 40 0,43MM 4,00M","Estoque","",""
"2026-02-11","Perf. Telha Trapezoidal Marafon","02007","100","TELHA GALVALUME TP 40 0,43MM 7,00M","Estoque","",""
"2026-02-12","Perf. Telha Trapezoidal Marafon","02007","100","TELHA GALVALUME TP 40 0,43MM 7,00M","Estoque","",""
"2026-02-12","Perf. Telha Trapezoidal Marafon","02000","11","TELHA GALVALUME TP 40 0,43MM","Estoque","",""
"2026-02-12","Perf. Telha Trapezoidal Marafon","02006","15","TELHA GALVALUME TP 40 0,43MM 6,00M","Estoque","",""
"2026-02-12","Perf. Telha Trapezoidal Marafon","02005","11","TELHA GALVALUME TP 40 0,43MM 5,00M","Estoque","",""
"2026-02-12","Perf. Telha Trapezoidal Marafon","02000","11","TELHA GALVALUME TP 40 0,43MM","Estoque","",""
"2026-02-12","Perf. Telha Trapezoidal Marafon","02000","8","TELHA GALVALUME TP 40 0,43MM","Estoque","",""
"2026-02-12","Perf. Telha Trapezoidal Marafon","02000","6","TELHA GALVALUME TP 40 0,43MM","Estoque","",""
"2026-02-12","Perf. Telha Trapezoidal Marafon","02006","34","TELHA GALVALUME TP 40 0,43MM 6,00M","Estoque","",""
"2026-02-12","Perf. Telha Trapezoidal Marafon","02000","3","TELHA GALVALUME TP 40 0,43MM","Estoque","",""
"2026-02-12","Perf. Telha Trapezoidal Marafon","02000","6","TELHA GALVALUME TP 40 0,43MM","Estoque","",""
"2026-02-12","Perf. Telha Trapezoidal Marafon","02000","16","TELHA GALVALUME TP 40 0,43MM","Estoque","",""
"2026-02-12","Perf. Telha Trapezoidal Marafon","02000","15","TELHA GALVALUME TP 40 0,43MM","Estoque","",""
"2026-02-12","Perf. Telha Trapezoidal Marafon","02000","124","TELHA GALVALUME TP 40 0,43MM","Estoque","",""
"2026-02-12","Perf. Telha Trapezoidal Marafon","02020","31","TELHA CUMEEIRA GL TRAP 40 ABAS 300MM","Estoque","",""
"2026-02-12","Perf. Telha Trapezoidal Marafon","02000","62","TELHA GALVALUME TP 40 0,43MM","Estoque","",""
"2026-02-12","Perf. Telha Trapezoidal Marafon","02006","10","TELHA GALVALUME TP 40 0,43MM 6,00M","Estoque","",""
"2026-02-12","Perf. Telha Trapezoidal Marafon","02000","25","TELHA GALVALUME TP 40 0,43MM","Estoque","",""
"2026-02-12","Perf. Telha Trapezoidal Marafon","02004","48","TELHA GALVALUME TP 40 0,43MM 4,00M","Estoque","",""
"2026-02-12","Perf. Telha Trapezoidal Marafon","02004","52","TELHA GALVALUME TP 40 0,43MM 4,00M","Estoque","",""
"2026-02-13","Perf. Telha Trapezoidal Marafon","02004","100","TELHA GALVALUME TP 40 0,43MM 4,00M","Estoque","",""
"2026-02-13","Perf. Telha Trapezoidal Marafon","02006","202","TELHA GALVALUME TP 40 0,43MM 6,00M","Estoque","",""
"2026-02-13","Perf. Telha Trapezoidal Marafon","02000","27","TELHA GALVALUME TP 40 0,43MM","Estoque","",""
"2026-02-13","Perf. Telha Trapezoidal Marafon","02004","4","TELHA GALVALUME TP 40 0,43MM 4,00M","Estoque","",""
"2026-02-13","Perf. Telha Trapezoidal Marafon","02003","5","TELHA GALVALUME TP 40 0,43MM 3,00M","Estoque","",""
"2026-02-13","Perf. Telha Trapezoidal Marafon","02000","36","TELHA GALVALUME TP 40 0,43MM","Estoque","",""
"2026-02-13","Perf. Telha Trapezoidal Marafon","02007","17","TELHA GALVALUME TP 40 0,43MM 7,00M","Estoque","",""
"2026-02-13","Perf. Telha Trapezoidal Marafon","02000","10","TELHA GALVALUME TP 40 0,43MM","Estoque","",""
"2026-02-13","Perf. Telha Trapezoidal Marafon","02004","17","TELHA GALVALUME TP 40 0,43MM 4,00M","Estoque","",""
"2026-02-13","Perf. Telha Trapezoidal Marafon","02000","94","TELHA GALVALUME TP 40 0,43MM","Estoque","",""
"2026-02-13","Perf. Telha Trapezoidal Marafon","02007","200","TELHA GALVALUME TP 40 0,43MM 7,00M","Estoque","",""
"2026-02-18","Perf. Telha Trapezoidal Marafon","02006","25","TELHA GALVALUME TP 40 0,43MM 6,00M","Estoque","",""
"2026-02-18","Perf. Telha Trapezoidal Marafon","02005","1","TELHA GALVALUME TP 40 0,43MM 5,00M","Estoque","",""
"2026-02-18","Perf. Telha Trapezoidal Marafon","02003","1","TELHA GALVALUME TP 40 0,43MM 3,00M","Estoque","",""
"2026-02-18","Perf. Telha Trapezoidal Marafon","02006","175","TELHA GALVALUME TP 40 0,43MM 6,00M","Estoque","",""
"2026-02-18","Perf. Telha Trapezoidal Marafon","02000","7","TELHA GALVALUME TP 40 0,43MM","Estoque","",""
"2026-02-18","Perf. Telha Trapezoidal Marafon","02007","40","TELHA GALVALUME TP 40 0,43MM 7,00M","Estoque","",""
"2026-02-18","Perf. Telha Trapezoidal Marafon","02000","70","TELHA GALVALUME TP 40 0,43MM","Estoque","",""
"2026-02-18","Perf. Telha Trapezoidal Marafon","02006","19","TELHA GALVALUME TP 40 0,43MM 6,00M","Estoque","",""
"2026-02-18","Perf. Telha Trapezoidal Marafon","02000","13","TELHA GALVALUME TP 40 0,43MM","Estoque","",""
"2026-02-18","Perf. Telha Trapezoidal Marafon","02006","15","TELHA GALVALUME TP 40 0,43MM 6,00M","Estoque","",""
"2026-02-18","Perf. Telha Trapezoidal Marafon","02000","14","TELHA GALVALUME TP 40 0,43MM","Estoque","",""
"2026-02-18","Perf. Telha Trapezoidal Marafon","02004","18","TELHA GALVALUME TP 40 0,43MM 4,00M","Estoque","",""
"2026-02-18","Perf. Telha Trapezoidal Marafon","02003","20","TELHA GALVALUME TP 40 0,43MM 3,00M","Estoque","",""
"2026-02-18","Perf. Telha Trapezoidal Marafon","02000","38","TELHA GALVALUME TP 40 0,43MM","Estoque","",""
"2026-02-18","Perf. Telha Trapezoidal Marafon","02000","38","TELHA GALVALUME TP 40 0,43MM","Estoque","",""
"2026-02-18","Perf. Telha Trapezoidal Marafon","02014","100","TELHA GALVALUME OND 17 0,43MM 4,00M","Estoque","",""
"2026-02-18","Perf. Telha Trapezoidal Marafon","02016","10","TELHA GALVALUME OND 17 0,43MM 6,00M","Estoque","",""
"2026-02-18","Perf. Telha Trapezoidal Marafon","02017","7","TELHA GALVALUME OND 17 0,43MM 7,00M","Estoque","",""
"2026-02-18","Perf. Telha Trapezoidal Marafon","02000","10","TELHA GALVALUME TP 40 0,43MM","Estoque","",""
"2026-02-19","Perf. Telha Trapezoidal Marafon","02020","250","TELHA CUMEEIRA GL TRAP 40 ABAS 300MM","Estoque","",""
"2026-02-19","Perf. Telha Trapezoidal Marafon","02000","13","TELHA GALVALUME TP 40 0,43MM","Estoque","",""
"2026-02-19","Perf. Telha Trapezoidal Marafon","02020","13","TELHA CUMEEIRA GL TRAP 40 ABAS 300MM","Estoque","",""
"2026-02-19","Perf. Telha Trapezoidal Marafon","02000","173","TELHA GALVALUME TP 40 0,43MM","Estoque","",""
"2026-02-24","Perf. Telha Trapezoidal Marafon","02008","30","TELHA GALVALUME TP 40 0,43MM 8,00M","Estoque","",""
"2026-02-24","Perf. Telha Trapezoidal Marafon","02006","35","TELHA GALVALUME TP 40 0,43MM 6,00M","Estoque","",""
"2026-02-24","Perf. Telha Trapezoidal Marafon","02000","35","TELHA GALVALUME TP 40 0,43MM","Estoque","",""
"2026-02-24","Perf. Telha Trapezoidal Marafon","02000","94","TELHA GALVALUME TP 40 0,43MM","Estoque","",""
"2026-02-24","Perf. Telha Trapezoidal Marafon","02005","94","TELHA GALVALUME TP 40 0,43MM 5,00M","Estoque","",""
"2026-02-24","Perf. Telha Trapezoidal Marafon","02004","47","TELHA GALVALUME TP 40 0,43MM 4,00M","Estoque","",""
"2026-02-24","Perf. Telha Trapezoidal Marafon","02020","47","TELHA CUMEEIRA GL TRAP 40 ABAS 300MM","Estoque","",""
"2026-02-24","Perf. Telha Trapezoidal Marafon","02006","16","TELHA GALVALUME TP 40 0,43MM 6,00M","Estoque","",""
"2026-02-24","Perf. Telha Trapezoidal Marafon","02000","32","TELHA GALVALUME TP 40 0,43MM","Estoque","",""
"2026-02-24","Perf. Telha Trapezoidal Marafon","02000","46","TELHA GALVALUME TP 40 0,43MM","Estoque","",""
"2026-02-24","Perf. Telha Trapezoidal Marafon","02000","12","TELHA GALVALUME TP 40 0,43MM","Estoque","",""
"2026-02-25","Perf. Telha Trapezoidal Marafon","02007","1","TELHA GALVALUME TP 40 0,43MM 7,00M","Estoque","",""
"2026-02-25","Perf. Telha Trapezoidal Marafon","02005","1","TELHA GALVALUME TP 40 0,43MM 5,00M","Estoque","",""
"2026-02-25","Perf. Telha Trapezoidal Marafon","02000","6","TELHA GALVALUME TP 40 0,43MM","Estoque","",""
"2026-02-25","Perf. Telha Trapezoidal Marafon","02004","7","TELHA GALVALUME TP 40 0,43MM 4,00M","Estoque","",""
"2026-02-25","Perf. Telha Trapezoidal Marafon","02006","100","TELHA GALVALUME TP 40 0,43MM 6,00M","Estoque","",""
"2026-02-25","Perf. Telha Trapezoidal Marafon","02005","100","TELHA GALVALUME TP 40 0,43MM 5,00M","Estoque","",""
"2026-02-25","Perf. Telha Trapezoidal Marafon","02004","100","TELHA GALVALUME TP 40 0,43MM 4,00M","Estoque","",""
"2026-02-25","Perf. Telha Trapezoidal Marafon","02000","6","TELHA GALVALUME TP 40 0,43MM","Estoque","",""
"2026-02-25","Perf. Telha Trapezoidal Marafon","02000","218","TELHA GALVALUME TP 40 0,43MM","Estoque","",""
"2026-02-25","Perf. Telha Trapezoidal Marafon","02006","13","TELHA GALVALUME TP 40 0,43MM 6,00M","Estoque","",""
"2026-02-25","Perf. Telha Ondulada V8","02016","100","TELHA GALVALUME OND 17 0,43MM 6,00M","Estoque","",""
"2026-02-25","Perf. Telha Ondulada V8","02016","10","TELHA GALVALUME OND 17 0,43MM 6,00M","Estoque","",""
"2026-02-25","Perf. Telha Ondulada V8","02014","4","TELHA GALVALUME OND 17 0,43MM 4,00M","Estoque","",""
"2026-02-26","Perf. Telha Trapezoidal Marafon","02006","400","TELHA GALVALUME TP 40 0,43MM 6,00M","Estoque","",""
"2026-02-26","Perf. Telha Trapezoidal Marafon","02000","30","TELHA GALVALUME TP 40 0,43MM","Estoque","",""
"2026-02-26","Perf. Telha Trapezoidal Marafon","02020","14","TELHA CUMEEIRA GL TRAP 40 ABAS 300MM","Estoque","",""
"2026-02-26","Perf. Telha Trapezoidal Marafon","02003","35","TELHA GALVALUME TP 40 0,43MM 3,00M","Estoque","",""
"2026-02-26","Perf. Telha Trapezoidal Marafon","02000","65","TELHA GALVALUME TP 40 0,43MM","Estoque","",""
"2026-02-26","Perf. Telha Trapezoidal Marafon","02004","44","TELHA GALVALUME TP 40 0,43MM 4,00M","Estoque","",""
"2026-02-26","Perf. Telha Trapezoidal Marafon","02005","100","TELHA GALVALUME TP 40 0,43MM 5,00M","Estoque","",""
"2026-02-26","Perf. Telha Trapezoidal Marafon","02000","3","TELHA GALVALUME TP 40 0,43MM","Estoque","",""
"2026-02-27","Perf. Telha Trapezoidal Marafon","02005","400","TELHA GALVALUME TP 40 0,43MM 5,00M","Estoque","",""
"2026-02-27","Perf. Telha Trapezoidal Marafon","02006","400","TELHA GALVALUME TP 40 0,43MM 6,00M","Estoque","",""
"2026-03-03","Perf. Telha Trapezoidal Marafon","02000","37","TELHA GALVALUME TP 40 0,43MM","Estoque","",""
"2026-03-03","Perf. Telha Trapezoidal Marafon","02003","22","TELHA GALVALUME TP 40 0,43MM 3,00M","Estoque","",""
"2026-03-03","Perf. Telha Trapezoidal Marafon","02020","10","TELHA CUMEEIRA GL TRAP 40 ABAS 300MM","Estoque","",""
"2026-03-03","Perf. Telha Trapezoidal Marafon","02000","87","TELHA GALVALUME TP 40 0,43MM","Estoque","",""
"2026-03-03","Perf. Telha Trapezoidal Marafon","02005","10","TELHA GALVALUME TP 40 0,43MM 5,00M","Estoque","",""
"2026-03-03","Perf. Telha Trapezoidal Marafon","02004","11","TELHA GALVALUME TP 40 0,43MM 4,00M","Estoque","",""
"2026-03-03","Perf. Telha Trapezoidal Marafon","02007","5","TELHA GALVALUME TP 40 0,43MM 7,00M","Estoque","",""
"2026-03-03","Perf. Telha Trapezoidal Marafon","02005","3","TELHA GALVALUME TP 40 0,43MM 5,00M","Estoque","",""
"2026-03-03","Perf. Telha Ondulada V8","02000","17","TELHA GALVALUME TP 40 0,43MM","Estoque","",""
"2026-03-03","Perf. Telha Trapezoidal Marafon","02000","60","TELHA GALVALUME TP 40 0,43MM","Estoque","",""
"2026-03-03","Perf. Telha Trapezoidal Marafon","02007","80","TELHA GALVALUME TP 40 0,43MM 7,00M","Estoque","",""
"2026-03-04","Perf. Telha Trapezoidal Marafon","02004","100","TELHA GALVALUME TP 40 0,43MM 4,00M","Estoque","",""
"2026-03-04","Perf. Telha Trapezoidal Marafon","02000","80","TELHA GALVALUME TP 40 0,43MM","Estoque","",""
"2026-03-04","Perf. Telha Trapezoidal Marafon","02005","160","TELHA GALVALUME TP 40 0,43MM 5,00M","Estoque","",""
"2026-03-04","Perf. Telha Trapezoidal Marafon","02006","300","TELHA GALVALUME TP 40 0,43MM 6,00M","Estoque","",""
"2026-03-04","Perf. Telha Trapezoidal Marafon","02000","11","TELHA GALVALUME TP 40 0,43MM","Estoque","",""
"2026-01-29","Rodadeira 02","81627","600","CACAMBA M 40 POP GALV","Estoque","",""
"2026-01-29","Rodadeira 02","81667","417","CACAMBA M 40 CONST GALV","Estoque","",""
"2026-01-29","Rodadeira 02","81667","20","CACAMBA M 40 CONST GALV","Estoque","",""
"2026-01-30","Rodadeira 02","81667","900","CACAMBA M 40 CONST GALV","Estoque","",""
"2026-02-04","Prensa Debrum 03","81627","886","CACAMBA M 40 POP GALV","Estoque","",""
"2026-02-04","Prensa Debrum 03","81823","320","CACAMBA M 50 5.0","Estoque","",""
"2026-02-05","Prensa Debrum 03","81823","1670","CACAMBA M 50 5.0","Estoque","",""
"2026-02-05","Prensa Debrum 03","81823","1200","CACAMBA M 50 5.0","Estoque","",""
"2026-02-04","Rodadeira 02","81627","834","CACAMBA M 40 POP GALV","Estoque","",""
"2026-02-04","Rodadeira 02","81823","320","CACAMBA M 50 5.0","Estoque","",""
"2026-02-04","Rodadeira 01","81626","850","CACAMBA M 40 POP","Estoque","",""
"2026-02-05","Rodadeira 01","81667","242","CACAMBA M 40 CONST GALV","Estoque","",""
"2026-02-05","Rodadeira 01","81053","989","CACAMBA M 40 CONSTRUTOR","Estoque","",""
"2026-02-05","Prensa Debrum 03","81053","829","CACAMBA M 40 CONSTRUTOR","Estoque","",""
"2026-02-05","Prensa Debrum 03","81667","155","CACAMBA M 40 CONST GALV","Estoque","",""
"2026-02-05","Prensa Debrum 03","81053","228","CACAMBA M 40 CONSTRUTOR","Estoque","",""
"2026-02-05","Prensa Debrum 03","81053","321","CACAMBA M 40 CONSTRUTOR","Estoque","",""
"2026-02-05","Prensa Debrum 03","81667","700","CACAMBA M 40 CONST GALV","Estoque","",""
"2026-02-03","Prensa Recorte 01","81627","1425","CACAMBA M 40 POP GALV","Estoque","",""
"2026-02-02","Prensa Recorte 01","81823","291","CACAMBA M 50 5.0","Estoque","",""
"2026-02-02","Prensa Recorte 01","81627","1080","CACAMBA M 40 POP GALV","Estoque","",""
"2026-02-03","Rodadeira 01","81627","310","CACAMBA M 40 POP GALV","Estoque","",""
"2026-02-02","Rodadeira 01","81627","110","CACAMBA M 40 POP GALV","Estoque","",""
"2026-02-02","Rodadeira 01","81626","167","CACAMBA M 40 POP","Estoque","",""
"2026-02-02","Prensa Debrum 03","81627","1375","CACAMBA M 40 POP GALV","Estoque","",""
"2026-02-02","Prensa Debrum 03","81627","757","CACAMBA M 40 POP GALV","Estoque","",""
"2026-02-02","Prensa Debrum 03","81626","543","CACAMBA M 40 POP","Estoque","",""
"2026-02-03","Rodadeira 03","81053","860","CACAMBA M 40 CONSTRUTOR","Estoque","",""
"2026-02-02","Rodadeira 03","81053","950","CACAMBA M 40 CONSTRUTOR","Estoque","",""
"2026-02-02","Prensa Estampa 04","81627","250","CACAMBA M 40 POP GALV","Estoque","",""
"2026-01-30","Prensa Estampa 04","81627","360","CACAMBA M 40 POP GALV","Estoque","",""
"2026-01-28","Prensa Estampa 09","81053","1167","CACAMBA M 40 CONSTRUTOR","Estoque","",""
"2026-01-29","Prensa Estampa 09","81053","1140","CACAMBA M 40 CONSTRUTOR","Estoque","",""
"2026-02-02","Rodadeira 01","81053","264","CACAMBA M 40 CONSTRUTOR","Estoque","",""
"2026-02-02","Prensa Recorte 01","81053","1272","CACAMBA M 40 CONSTRUTOR","Estoque","",""
"2026-02-03","Prensa Recorte 02","81053","1300","CACAMBA M 40 CONSTRUTOR","Estoque","",""
"2026-02-02","Prensa Recorte 02","81053","1360","CACAMBA M 40 CONSTRUTOR","Estoque","",""
"2026-02-02","Prensa Estampa 09","81053","828","CACAMBA M 40 CONSTRUTOR","Estoque","",""
"2026-02-03","Prensa Estampa 09","81053","940","CACAMBA M 40 CONSTRUTOR","Estoque","",""
"2026-02-04","Rodadeira 01","81627","52","CACAMBA M 40 POP GALV","Estoque","",""
"2026-02-09","Rodadeira 01","81667","519","CACAMBA M 40 CONST GALV","Estoque","",""
"2026-02-20","Prensa Estampa 04","81627","407","CACAMBA M 40 POP GALV","Estoque","",""
"2026-02-20","Prensa Estampa 04","81627","570","CACAMBA M 40 POP GALV","Estoque","",""
"2026-02-20","Rodadeira 01","81627","1196","CACAMBA M 40 POP GALV","Estoque","",""
"2026-02-20","Rodadeira 01","81667","2021","CACAMBA M 40 CONST GALV","Estoque","",""
"2026-03-04","Perf. Telha Ondulada V8","02016","66","TELHA GALVALUME OND 17 0,43MM 6,00M","Estoque","",""
"2026-03-04","Perf. Telha Trapezoidal Marafon","02000","55","TELHA GALVALUME TP 40 0,43MM","Estoque","",""
"2026-03-04","Perf. Telha Trapezoidal Marafon","02006","20","TELHA GALVALUME TP 40 0,43MM 6,00M","Estoque","",""
"2026-03-04","Perf. Telha Trapezoidal Marafon","02005","20","TELHA GALVALUME TP 40 0,43MM 5,00M","Estoque","",""
"2026-03-04","Perf. Telha Trapezoidal Marafon","02000","25","TELHA GALVALUME TP 40 0,43MM","Estoque","",""
"2026-03-03","Perfil ""U"" Marafon","00670k","446","PERFIL UE 75X40X15X1,95 GALV","Estoque","",""
"2026-03-03","Perfil ""U"" ZL","00664b","227","PERFIL US 150X50X2,00","Estoque","",""
"2026-03-02","Perfil ""U"" BR200 Regiane","00652b","335","PERFIL US 68X30X2,00","Estoque","",""
"2026-03-02","Perfil ""U"" Marafon","00670b","342","PERFIL UE 75X40X15X2,00","Estoque","",""
"2026-03-02","Perfil ""U"" ZL","00676e","187","PERFIL UE 150X60X20X3,00","Estoque","",""
"2026-03-02","Perfil ""U"" ZL","00676c","111","PERFIL UE 150X60X20X2,25","Estoque","",""
"2026-02-27","Perfil ""U"" BR200 Regiane","00652b","227","PERFIL US 68X30X2,00","Estoque","",""
"2026-02-27","Perfil ""U"" BR200 Regiane","00676c","108","PERFIL UE 150X60X20X2,25","Estoque","",""
"2026-02-26","Perfil ""U"" Marafon","00670b","791","PERFIL UE 75X40X15X2,00","Estoque","",""
"2026-02-26","Perfil ""U"" BR200 Regiane","00652b","340","PERFIL US 68X30X2,00","Estoque","",""
"2026-02-25","Perfil ""U"" ZL","00668a","217","PERFIL UE 50X25X10X1,80","Estoque","",""
"2026-02-25","Perfil ""U"" Marafon","00670b","328","PERFIL UE 75X40X15X2,00","Estoque","",""
"2026-02-25","Perfil ""U"" BR200 Regiane","00652b","336","PERFIL US 68X30X2,00","Estoque","",""
"2026-02-24","Perfil ""U"" Marafon","00670b","227","PERFIL UE 75X40X15X2,00","Estoque","",""
"2026-02-24","Perfil ""U"" ZL","00668a","288","PERFIL UE 50X25X10X1,80","Estoque","",""
"2026-02-24","Perfil ""U"" ZL","00668b","326","PERFIL UE 50X25X10X2,00","Estoque","",""
"2026-02-24","Perfil ""U"" ZL","00652b","114","PERFIL US 68X30X2,00","Estoque","",""
"2026-02-23","Perfil ""U"" ZL","00668b","557","PERFIL UE 50X25X10X2,00","Estoque","",""
"2026-02-23","Perfil ""U"" Marafon","00670b","229","PERFIL UE 75X40X15X2,00","Estoque","",""
"2026-02-20","Perfil ""U"" ZL","00668b","223","PERFIL UE 50X25X10X2,00","Estoque","",""
"2026-02-20","Perfil ""U"" ZL","00670b","682","PERFIL UE 75X40X15X2,00","Estoque","",""
"2026-02-19","Perfil ""U"" ZL","00670b","449","PERFIL UE 75X40X15X2,00","Estoque","",""
"2026-02-14","Perfil ""U"" ZL","00670d","92","PERFIL UE 75X40X15X2,65","Estoque","",""
"2026-02-14","Perfil ""U"" ZL","00670e","192","PERFIL UE 75X40X15X3,00","Estoque","",""
"2026-02-13","Perfil ""U"" Marafon","00670b","447","PERFIL UE 75X40X15X2,00","Estoque","",""
"2026-02-13","Perfil ""U"" ZL","00670d","366","PERFIL UE 75X40X15X2,65","Estoque","",""
"2026-02-13","Perfil ""U"" ZL","00670c","146","PERFIL UE 75X40X15X2,25","Estoque","",""
"2026-02-12","Perfil ""U"" ZL","00653e","203","PERFIL US 75X40X3,00","Estoque","",""
"2026-02-12","Perfil ""U"" Marafon","00670b","561","PERFIL UE 75X40X15X2,00","Estoque","",""
"2026-02-11","Perfil ""U"" ZL","00653b","182","PERFIL US 75X40X2,00","Estoque","",""
"2026-02-11","Perfil ""U"" ZL","00653c","86","PERFIL US 75X40X2,25","Estoque","",""
"2026-02-11","Perfil ""U"" ZL","00653d","266","PERFIL US 75X40X2,65","Estoque","",""
"2026-02-11","Perfil ""U"" Marafon","00670b","618","PERFIL UE 75X40X15X2,00","Estoque","",""
"2026-02-19","Prensa Debrum 03","81626","1010","CACAMBA M 40 POP","Estoque","",""
"2026-02-23","Prensa Debrum 03","81627","1176","CACAMBA M 40 POP GALV","Estoque","",""
"2026-02-09","Perfil ""U"" ZL","00653b","783","PERFIL US 75X40X2,00","Estoque","",""
"2026-02-09","Perfil ""U"" ZL","00653b","91","PERFIL US 75X40X2,00","Estoque","",""
"2026-02-23","Prensa Debrum 03","81667","2021","CACAMBA M 40 CONST GALV","Estoque","",""
"2026-02-23","Prensa Debrum 03","81627","2010","CACAMBA M 40 POP GALV","Estoque","",""
"2026-02-20","Prensa Debrum 03","81627","1774","CACAMBA M 40 POP GALV","Estoque","",""
"2026-02-23","Rodadeira 03","81627","930","CACAMBA M 40 POP GALV","Estoque","",""
"2026-02-20","Rodadeira 03","81627","950","CACAMBA M 40 POP GALV","Estoque","",""
"2026-02-20","Rodadeira 01","81627","670","CACAMBA M 40 POP GALV","Estoque","",""
"2026-02-20","Rodadeira 01","81626","810","CACAMBA M 40 POP","Estoque","",""
"2026-02-20","Prensa Recorte 01","81627","1700","CACAMBA M 40 POP GALV","Estoque","",""
"2026-02-10","Perfil ""U"" ZL","00653b","1005","PERFIL US 75X40X2,00","Estoque","",""
"2026-02-10","Perfil ""U"" Marafon","00670b","570","PERFIL UE 75X40X15X2,00","Estoque","",""
"2026-02-20","Prensa Recorte 01","81626","560","CACAMBA M 40 POP","Estoque","",""
"2026-02-20","Prensa Recorte 01","81627","711","CACAMBA M 40 POP GALV","Estoque","",""
"2026-02-25","Prensa Estampa 04","81627","520","CACAMBA M 40 POP GALV","Estoque","",""
"2026-02-25","Rodadeira 01","81667","624","CACAMBA M 40 CONST GALV","Estoque","",""
"2026-02-09","Perfil ""U"" Marafon","00670b","678","PERFIL UE 75X40X15X2,00","Estoque","",""
"2026-02-26","Prensa Estampa 04","81667","515","CACAMBA M 40 CONST GALV","Estoque","",""
"2026-02-24","Prensa Estampa 09","81053","1180","CACAMBA M 40 CONSTRUTOR","Estoque","",""
"2026-02-25","Prensa Estampa 09","81053","962","CACAMBA M 40 CONSTRUTOR","Estoque","",""
"2026-02-24","Prensa Debrum 03","81058","500","CACAMBA M 75 PLUS","Estoque","",""
"2026-02-24","Prensa Debrum 03","81055","632","CACAMBA M 60 SUPER","Estoque","",""
"2026-02-24","Prensa Debrum 03","81627","142","CACAMBA M 40 POP GALV","Estoque","",""
"2026-02-09","Perfil ""U"" Marafon","00654b","226","PERFIL US 92X30X2,00","Estoque","",""
"2026-02-25","Prensa Debrum 03","81058","1419","CACAMBA M 75 PLUS","Estoque","",""
"2026-02-06","Perfil ""U"" ZL","00653b","563","PERFIL US 75X40X2,00","Estoque","",""
"2026-02-25","Rodadeira 01","81058","520","CACAMBA M 75 PLUS","Estoque","",""
"2026-02-24","Rodadeira 01","81058","300","CACAMBA M 75 PLUS","Estoque","",""
"2026-02-24","Rodadeira 01","81055","330","CACAMBA M 60 SUPER","Estoque","",""
"2026-02-24","Rodadeira 03","81627","800","CACAMBA M 40 POP GALV","Estoque","",""
"2026-02-25","Rodadeira 03","81627","940","CACAMBA M 40 POP GALV","Estoque","",""
"2026-02-03","Perfil ""U"" ZL","00654a","120","PERFIL US 92X30X1,80","Estoque","",""
"2026-02-26","Prensa Estampa 09","81053","1065","CACAMBA M 40 CONSTRUTOR","Estoque","",""
"2026-02-26","Rodadeira 01","81667","320","CACAMBA M 40 CONST GALV","Estoque","",""
"2026-02-26","Rodadeira 01","81667","330","CACAMBA M 40 CONST GALV","Estoque","",""
"2026-02-26","Rodadeira 03","81667","910","CACAMBA M 40 CONST GALV","Estoque","",""
"2026-02-26","Rodadeira 01","81058","100","CACAMBA M 75 PLUS","Estoque","",""
"2026-02-26","Rodadeira 01","81055","410","CACAMBA M 60 SUPER","Estoque","",""
"2026-02-26","Prensa Debrum 03","81055","845","CACAMBA M 60 SUPER","Estoque","",""
"2026-02-26","Prensa Debrum 03","81058","285","CACAMBA M 75 PLUS","Estoque","",""
"2026-02-27","Prensa Debrum 03","81058","400","CACAMBA M 75 PLUS","Estoque","",""
"2026-02-27","Prensa Debrum 03","81055","546","CACAMBA M 60 SUPER","Estoque","",""
"2026-02-27","Rodadeira 01","81055","200","CACAMBA M 60 SUPER","Estoque","",""
"2026-02-27","Rodadeira 01","81058","200","CACAMBA M 75 PLUS","Estoque","",""
"2026-02-27","Rodadeira 03","81667","1000","CACAMBA M 40 CONST GALV","Estoque","",""
"2026-02-27","Perfil ""U"" ZL","00676k","408","PERFIL UE 150X60X20X1,95 GALV","Estoque","",""
"2026-02-27","Rodadeira 01","81667","1331","CACAMBA M 40 CONST GALV","Estoque","",""
"2026-02-27","Prensa Estampa 09","81053","999","CACAMBA M 40 CONSTRUTOR","Estoque","",""
"2026-02-25","Perfil ""U"" ZL","00668a","449","PERFIL UE 50X25X10X1,80","Estoque","",""
"2026-03-02","Prensa Estampa 04","81627","670","CACAMBA M 40 POP GALV","Estoque","",""
"2026-02-24","Perfil ""U"" BR200 Regiane","00652k","90","PERFIL US 68X30X1,95 GALV","Estoque","",""
"2026-02-23","Perfil ""U"" BR200 Regiane","00652k","196","PERFIL US 68X30X1,95 GALV","Estoque","",""
"2026-02-06","Perfil ""U"" Marafon","00670k","400","PERFIL UE 75X40X15X1,95 GALV","Estoque","",""
"2026-02-05","Perfil ""U"" Marafon","00670k","649","PERFIL UE 75X40X15X1,95 GALV","Estoque","",""
"2026-02-26","Rodadeira 02","81058","168","CACAMBA M 75 PLUS","Estoque","",""
"2026-02-26","Rodadeira 02","81055","536","CACAMBA M 60 SUPER","Estoque","",""
"2026-02-26","Rodadeira 02","81058","250","CACAMBA M 75 PLUS","Estoque","",""
"2026-02-26","Rodadeira 02","81055","519","CACAMBA M 60 SUPER","Estoque","",""
"2026-03-05","Perf. Telha Trapezoidal Marafon","02008","100","TELHA GALVALUME TP 40 0,43MM 8,00M","Estoque","",""
"2026-03-05","Perf. Telha Trapezoidal Marafon","02006","70","TELHA GALVALUME TP 40 0,43MM 6,00M","Estoque","",""
"2026-03-05","Perf. Telha Trapezoidal Marafon","02000","200","TELHA GALVALUME TP 40 0,43MM","Estoque","",""
"2026-03-05","Perf. Telha Trapezoidal Marafon","02004","15","TELHA GALVALUME TP 40 0,43MM 4,00M","Estoque","",""
"2026-02-24","Rodadeira 02","81055","451","CACAMBA M 60 SUPER","Estoque","",""
"2026-02-24","Rodadeira 02","81058","400","CACAMBA M 75 PLUS","Estoque","",""
"2026-02-25","Rodadeira 02","81058","653","CACAMBA M 75 PLUS","Estoque","",""
"2026-02-05","Perfil ""U"" ZL","00653b","450","PERFIL US 75X40X2,00","Estoque","",""
"2026-02-05","Perfil ""U"" ZL","00653A","451","PERFIL US 75X40X1,80","Estoque","",""
"2026-02-05","Perfil ""U"" ZL","00653K","100","PERFIL US 75X40X1,95 GALV","Estoque","",""
"2026-02-05","Perfil ""U"" BR200 Regiane","00654b","226","PERFIL US 92X30X2,00","Estoque","",""
"2026-02-04","Perfil ""U"" ZL","00653k","140","PERFIL US 75X40X1,95 GALV","Estoque","",""
"2026-02-04","Perfil ""U"" Marafon","00670k","792","PERFIL UE 75X40X15X1,95 GALV","Estoque","",""
"2026-02-04","Perfil ""U"" BR200 Regiane","00654k","138","PERFIL US 92X30X1,95 GALV","Estoque","",""
"2026-02-03","Perfil ""U"" Marafon","00670k","923","PERFIL UE 75X40X15X1,95 GALV","Estoque","",""
"2026-02-02","Perfil ""U"" Marafon","00670k","387","PERFIL UE 75X40X15X1,95 GALV","Estoque","",""
"2026-02-20","Prensa Estampa 09","81667","873","CACAMBA M 40 CONST GALV","Estoque","",""
"2026-02-23","Prensa Estampa 09","81667","1060","CACAMBA M 40 CONST GALV","Estoque","",""
"2026-02-24","Prensa Estampa 04","81627","520","CACAMBA M 40 POP GALV","Estoque","",""
"2026-02-23","Prensa Estampa 04","81627","520","CACAMBA M 40 POP GALV","Estoque","",""
"2026-03-03","Rodadeira 01","81627","1100","CACAMBA M 40 POP GALV","Estoque","",""
"2026-03-02","Rodadeira 01","81627","280","CACAMBA M 40 POP GALV","Estoque","",""
"2026-03-02","Prensa Debrum 03","81627","1500","CACAMBA M 40 POP GALV","Estoque","",""
"2026-03-03","Prensa Debrum 03","81627","1601","CACAMBA M 40 POP GALV","Estoque","",""
"2026-03-03","Prensa Estampa 09","81667","724","CACAMBA M 40 CONST GALV","Estoque","",""
"2026-03-03","Prensa Estampa 09","81053","450","CACAMBA M 40 CONSTRUTOR","Estoque","",""
"2026-03-02","Prensa Estampa 09","81053","1147","CACAMBA M 40 CONSTRUTOR","Estoque","",""
"2026-03-02","Prensa Recorte 01","81627","1600","CACAMBA M 40 POP GALV","Estoque","",""
"2026-03-02","Prensa Recorte 01","81055","332","CACAMBA M 60 SUPER","Estoque","",""
"2026-03-02","Prensa Recorte 01","81058","768","CACAMBA M 75 PLUS","Estoque","",""
"2026-02-27","Prensa Estampa 04","81627","578","CACAMBA M 40 POP GALV","Estoque","",""
"2026-03-05","Perf. Telha Trapezoidal Marafon","02003","100","TELHA GALVALUME TP 40 0,43MM 3,00M","Estoque","",""
"2026-03-05","Perf. Telha Trapezoidal Marafon","02004","16","TELHA GALVALUME TP 40 0,43MM 4,00M","Estoque","",""
"2026-03-05","Perf. Telha Trapezoidal Marafon","02005","100","TELHA GALVALUME TP 40 0,43MM 5,00M","Estoque","",""
"2026-03-05","Perf. Telha Trapezoidal Marafon","02000","10","TELHA GALVALUME TP 40 0,43MM","Estoque","",""
"2026-03-05","Perf. Telha Trapezoidal Marafon","02000","51","TELHA GALVALUME TP 40 0,43MM","Estoque","",""
"2026-02-13","Prensa Debrum 03","81627","389","CACAMBA M 40 POP GALV","Estoque","",""
"2026-02-13","Prensa Debrum 03","81054","490","CACAMBA M 75 MASTER","Estoque","",""
"2026-02-12","Prensa Debrum 03","81626","975","CACAMBA M 40 POP","Estoque","",""
"2026-02-12","Prensa Debrum 03","81627","646","CACAMBA M 40 POP GALV","Estoque","",""
"2026-02-11","Prensa Estampa 04","81627","315","CACAMBA M 40 POP GALV","Estoque","",""
"2026-02-12","Prensa Estampa 04","81627","430","CACAMBA M 40 POP GALV","Estoque","",""
"2026-02-13","Rodadeira 01","81627","330","CACAMBA M 40 POP GALV","Estoque","",""
"2026-02-13","Rodadeira 01","81054","119","CACAMBA M 75 MASTER","Estoque","",""
"2026-02-12","Rodadeira 01","81626","180","CACAMBA M 40 POP","Estoque","",""
"2026-02-12","Rodadeira 01","81626","1000","CACAMBA M 40 POP","Estoque","",""
"2026-02-13","Rodadeira 02","81627","197","CACAMBA M 40 POP GALV","Estoque","",""
"2026-02-13","Rodadeira 02","81054","525","CACAMBA M 75 MASTER","Estoque","",""
"2026-02-14","Prensa Debrum 03","81054","536","CACAMBA M 75 MASTER","Estoque","",""
"2026-02-13","Prensa Recorte 01","81667","562","CACAMBA M 40 CONST GALV","Estoque","",""
"2026-02-13","Prensa Recorte 01","81667","1509","CACAMBA M 40 CONST GALV","Estoque","",""
"2026-02-12","Rodadeira 01","81667","500","CACAMBA M 40 CONST GALV","Estoque","",""
"2026-02-12","Rodadeira 03","81667","995","CACAMBA M 40 CONST GALV","Estoque","",""
"2026-02-13","Rodadeira 03","81667","943","CACAMBA M 40 CONST GALV","Estoque","",""
"2026-02-10","Rodadeira 03","81667","767","CACAMBA M 40 CONST GALV","Estoque","",""
"2026-02-11","Rodadeira 03","81667","1000","CACAMBA M 40 CONST GALV","Estoque","",""
"2026-02-11","Rodadeira 02","81627","610","CACAMBA M 40 POP GALV","Estoque","",""
"2026-02-11","Rodadeira 02","81626","805","CACAMBA M 40 POP","Estoque","",""
"2026-02-10","Rodadeira 02","81627","825","CACAMBA M 40 POP GALV","Estoque","",""
"2026-02-10","Rodadeira 02","81627","400","CACAMBA M 40 POP GALV","Estoque","",""
"2026-02-10","Prensa Recorte 01","81667","1535","CACAMBA M 40 CONST GALV","Estoque","",""
"2026-02-11","Prensa Recorte 01","81667","1000","CACAMBA M 40 CONST GALV","Estoque","",""
"2026-02-11","Prensa Debrum 03","81627","708","CACAMBA M 40 POP GALV","Estoque","",""
"2026-02-11","Prensa Debrum 03","81626","570","CACAMBA M 40 POP","Estoque","",""
"2026-02-10","Prensa Debrum 03","81627","1450","CACAMBA M 40 POP GALV","Estoque","",""
"2026-02-10","Rodadeira 01","81627","670","CACAMBA M 40 POP GALV","Estoque","",""
"2026-02-11","Rodadeira 01","81626","290","CACAMBA M 40 POP","Estoque","",""
"2026-02-11","Prensa Recorte 01","81627","710","CACAMBA M 40 POP GALV","Estoque","",""
"2026-02-11","Prensa Recorte 01","81627","1210","CACAMBA M 40 POP GALV","Estoque","",""
"2026-02-10","Prensa Recorte 01","81627","1216","CACAMBA M 40 POP GALV","Estoque","",""
"2026-02-10","Prensa Estampa 04","81627","344","CACAMBA M 40 POP GALV","Estoque","",""
"2026-02-09","Prensa Estampa 04","81627","300","CACAMBA M 40 POP GALV","Estoque","",""
"2026-02-09","Prensa Estampa 04","81053","660","CACAMBA M 40 CONSTRUTOR","Estoque","",""
"2026-02-10","Prensa Estampa 09","81053","902","CACAMBA M 40 CONSTRUTOR","Estoque","",""
"2026-02-11","Prensa Estampa 09","81053","838","CACAMBA M 40 CONSTRUTOR","Estoque","",""
"2026-02-11","Prensa Estampa 09","81053","128","CACAMBA M 40 CONSTRUTOR","Estoque","",""
"2026-02-06","Prensa Recorte 02","81627","1400","CACAMBA M 40 POP GALV","Estoque","",""
"2026-02-08","Rodadeira 03","81667","300","CACAMBA M 40 CONST GALV","Estoque","",""
"2026-02-06","Rodadeira 03","81667","607","CACAMBA M 40 CONST GALV","Estoque","",""
"2026-02-09","Prensa Debrum 03","81823","614","CACAMBA M 50 5.0","Estoque","",""
"2026-02-09","Prensa Debrum 03","81627","800","CACAMBA M 40 POP GALV","Estoque","",""
"2026-02-06","Prensa Debrum 03","81823","1520","CACAMBA M 50 5.0","Estoque","",""
"2026-02-09","Rodadeira 02","81823","300","CACAMBA M 50 5.0","Estoque","",""
"2026-02-09","Rodadeira 02","81627","1050","CACAMBA M 40 POP GALV","Estoque","",""
"2026-02-07","Rodadeira 02","81823","894","CACAMBA M 50 5.0","Estoque","",""
"2026-02-09","Rodadeira 01","81823","335","CACAMBA M 50 5.0","Estoque","",""
"2026-02-06","Rodadeira 01","81823","687","CACAMBA M 50 5.0","Estoque","",""
"2026-02-09","Prensa Recorte 01","81823","450","CACAMBA M 50 5.0","Estoque","",""
"2026-02-09","Prensa Recorte 01","81627","1250","CACAMBA M 40 POP GALV","Estoque","",""
"2026-02-06","Prensa Recorte 01","81823","1665","CACAMBA M 50 5.0","Estoque","",""
"2026-02-06","Prensa Estampa 09","81667","1000","CACAMBA M 40 CONST GALV","Estoque","",""
"2026-02-05","Prensa Estampa 09","81667","1000","CACAMBA M 40 CONST GALV","Estoque","",""
"2026-02-05","Prensa Estampa 04","81627","275","CACAMBA M 40 POP GALV","Estoque","",""
"2026-02-04","Prensa Estampa 09","81667","920","CACAMBA M 40 CONST GALV","Estoque","",""
"2026-02-04","Prensa Estampa 04","81667","239","CACAMBA M 40 CONST GALV","Estoque","",""
"2026-02-03","Prensa Estampa 04","81627","325","CACAMBA M 40 POP GALV","Estoque","",""
"2026-02-05","Prensa Recorte 02","81626","1473","CACAMBA M 40 POP","Estoque","",""
"2026-02-05","Prensa Recorte 01","81823","1550","CACAMBA M 50 5.0","Estoque","",""
"2026-02-05","Prensa Recorte 01","81627","887","CACAMBA M 40 POP GALV","Estoque","",""
"2026-02-05","Prensa Recorte 01","81823","683","CACAMBA M 50 5.0","Estoque","",""
"2026-01-16","Prensa Estampa 04","81627","539","CACAMBA M 40 POP GALV","Estoque","",""
"2026-01-16","Prensa Estampa 09","81667","570","CACAMBA M 40 CONST GALV","Estoque","",""
"2026-01-16","Prensa Estampa 09","81627","649","CACAMBA M 40 POP GALV","Estoque","",""
"2026-01-16","Prensa Estampa 09","81626","853","CACAMBA M 40 POP","Estoque","",""
"2026-01-16","Rodadeira 01","81667","813","CACAMBA M 40 CONST GALV","Estoque","",""
"2026-01-16","Prensa Debrum 03","81823","1039","CACAMBA M 50 5.0","Estoque","",""
"2026-01-16","Prensa Debrum 03","81627","200","CACAMBA M 40 POP GALV","Estoque","",""
"2026-01-16","Rodadeira 03","81053","763","CACAMBA M 40 CONSTRUTOR","Estoque","",""
"2026-01-16","Prensa Recorte 02","81053","696","CACAMBA M 40 CONSTRUTOR","Estoque","",""
"2026-01-16","Prensa Recorte 01","81823","674","CACAMBA M 50 5.0","Estoque","",""
"2026-01-16","Prensa Recorte 01","81055","398","CACAMBA M 60 SUPER","Estoque","",""
"2026-01-16","Prensa Recorte 01","81823","290","CACAMBA M 50 5.0","Estoque","",""
"2026-03-02","Rodadeira 02","81627","1150","CACAMBA M 40 POP GALV","Estoque","",""
"2026-03-03","Rodadeira 02","81627","675","CACAMBA M 40 POP GALV","Estoque","",""
"2026-03-04","Rodadeira 02","81627","1145","CACAMBA M 40 POP GALV","Estoque","",""
"2026-03-05","Rodadeira 02","81627","1200","CACAMBA M 40 POP GALV","Estoque","",""
"2026-03-03","Rodadeira 02","81627","720","CACAMBA M 40 POP GALV","Estoque","",""
"2026-03-04","Prensa Estampa 04","81627","750","CACAMBA M 40 POP GALV","Estoque","",""
"2026-03-02","Rodadeira 03","81667","730","CACAMBA M 40 CONST GALV","Estoque","",""
"2026-03-06","Perf. Telha Trapezoidal Marafon","02004","100","TELHA GALVALUME TP 40 0,43MM 4,00M","Estoque","",""
"2026-03-06","Perf. Telha Trapezoidal Marafon","02006","100","TELHA GALVALUME TP 40 0,43MM 6,00M","Estoque","",""
"2026-03-06","Perf. Telha Trapezoidal Marafon","02008","100","TELHA GALVALUME TP 40 0,43MM 8,00M","Estoque","",""
"2026-03-06","Perf. Telha Trapezoidal Marafon","02005","100","TELHA GALVALUME TP 40 0,43MM 5,00M","Estoque","",""
"2026-03-06","Perf. Telha Trapezoidal Marafon","02005","100","TELHA GALVALUME TP 40 0,43MM 5,00M","Estoque","",""
"2026-03-06","Perf. Telha Trapezoidal Marafon","02007","100","TELHA GALVALUME TP 40 0,43MM 7,00M","Estoque","",""
"2026-03-06","Perf. Telha Trapezoidal Marafon","02000","134","TELHA GALVALUME TP 40 0,43MM","Estoque","",""
"2026-03-06","Perf. Telha Trapezoidal Marafon","02014","6","TELHA GALVALUME OND 17 0,43MM 4,00M","Estoque","",""
"2026-03-06","Perf. Telha Trapezoidal Marafon","02013","10","TELHA GALVALUME OND 17 0,43MM 3,00M","Estoque","",""
"2026-03-06","Perf. Telha Trapezoidal Marafon","02000","26","TELHA GALVALUME TP 40 0,43MM","Estoque","",""
"2026-03-03","Rodadeira 03","81667","1000","CACAMBA M 40 CONST GALV","Estoque","",""
"2026-03-03","Rodadeira 03","81667","600","CACAMBA M 40 CONST GALV","Estoque","",""
"2026-03-03","Rodadeira 03","81053","200","CACAMBA M 40 CONSTRUTOR","Estoque","",""
"2026-03-03","Rodadeira 03","81667","900","CACAMBA M 40 CONST GALV","Estoque","",""
"2026-03-05","Rodadeira 01","81627","740","CACAMBA M 40 POP GALV","Estoque","",""
"2026-03-04","Prensa Debrum 03","81627","1875","CACAMBA M 40 POP GALV","Estoque","",""
"2026-03-05","Prensa Debrum 03","81627","2000","CACAMBA M 40 POP GALV","Estoque","",""
"2026-03-04","Prensa Estampa 09","81667","1160","CACAMBA M 40 CONST GALV","Estoque","",""
"2026-03-05","Prensa Estampa 09","81667","1221","CACAMBA M 40 CONST GALV","Estoque","",""
"2026-03-04","Rodadeira 01","81627","700","CACAMBA M 40 POP GALV","Estoque","",""
"2026-03-04","Rodadeira 01","81627","1126","CACAMBA M 40 POP GALV","Estoque","",""
"2026-03-04","Rodadeira 01","81627","1100","CACAMBA M 40 POP GALV","Estoque","",""
"2026-03-04","Prensa Recorte 01","81627","2000","CACAMBA M 40 POP GALV","Estoque","",""
"2026-03-03","Prensa Recorte 01","81627","1501","CACAMBA M 40 POP GALV","Estoque","",""
"2026-03-09","Perf. Telha Trapezoidal Marafon","02000","57","TELHA GALVALUME TP 40 0,43MM","Estoque","",""
"2026-03-09","Perf. Telha Ondulada V8","02007","7","TELHA GALVALUME TP 40 0,43MM 7,00M","Estoque","",""
"2026-03-09","Perf. Telha Ondulada V8","02003","3","TELHA GALVALUME TP 40 0,43MM 3,00M","Estoque","",""
"2026-03-09","Perf. Telha Ondulada V8","02020","11","TELHA CUMEEIRA GL TRAP 40 ABAS 300MM","Estoque","",""
"2026-03-09","Perf. Telha Ondulada V8","02006","69","TELHA GALVALUME TP 40 0,43MM 6,00M","Estoque","",""
"2026-03-06","Rodadeira 02","81627","1200","CACAMBA M 40 POP GALV","Estoque","",""
"2026-03-09","Rodadeira 02","81627","1034","CACAMBA M 40 POP GALV","Estoque","",""
"2026-03-09","Rodadeira 02","81626","161","CACAMBA M 40 POP","Estoque","",""
"2026-03-06","Prensa Recorte 01","81627","1650","CACAMBA M 40 POP GALV","Estoque","",""
"2026-03-09","Prensa Debrum 03","81627","1850","CACAMBA M 40 POP GALV","Estoque","",""
"2026-03-06","Prensa Debrum 03","81627","1450","CACAMBA M 40 POP GALV","Estoque","",""
"2026-03-09","Rodadeira 03","81667","1100","CACAMBA M 40 CONST GALV","Estoque","",""
"2026-03-06","Rodadeira 03","81053","100","CACAMBA M 40 CONSTRUTOR","Estoque","",""
"2026-03-06","Rodadeira 03","81667","800","CACAMBA M 40 CONST GALV","Estoque","",""
"2026-03-06","Prensa Recorte 02","81667","2000","CACAMBA M 40 CONST GALV","Estoque","",""
"2026-03-05","Prensa Recorte 02","81627","800","CACAMBA M 40 POP GALV","Estoque","",""
"2026-03-06","Rodadeira 01","81627","341","CACAMBA M 40 POP GALV","Estoque","",""
"2026-03-09","Rodadeira 01","81627","750","CACAMBA M 40 POP GALV","Estoque","",""
"2026-03-11","Perfil ""U"" ZL","00672B","114","PERFIL UE 100X50X17X2,00","Estoque","",""
"2026-03-11","Perf. Telha Trapezoidal Marafon","02008","50","TELHA GALVALUME TP 40 0,43MM 8,00M","Estoque","",""
"2026-03-11","Perf. Telha Trapezoidal Marafon","02006","200","TELHA GALVALUME TP 40 0,43MM 6,00M","Estoque","",""
"2026-03-11","Perf. Telha Trapezoidal Marafon","02005","100","TELHA GALVALUME TP 40 0,43MM 5,00M","Estoque","",""
"2026-03-11","Perf. Telha Trapezoidal Marafon","02004","100","TELHA GALVALUME TP 40 0,43MM 4,00M","Estoque","",""
"2026-03-13","Perf. Telha Trapezoidal Marafon","02005","300","TELHA GALVALUME TP 40 0,43MM 5,00M","Estoque","",""
"2026-03-13","Perf. Telha Trapezoidal Marafon","02007","100","TELHA GALVALUME TP 40 0,43MM 7,00M","Estoque","",""
"2026-03-13","Perf. Telha Trapezoidal Marafon","02006","200","TELHA GALVALUME TP 40 0,43MM 6,00M","Estoque","",""
"2026-03-13","Perf. Telha Trapezoidal Marafon","02004","100","TELHA GALVALUME TP 40 0,43MM 4,00M","Estoque","",""
"2026-03-13","Perf. Telha Trapezoidal Marafon","02006","400","TELHA GALVALUME TP 40 0,43MM 6,00M","Estoque","",""
"2026-03-13","Perf. Telha Trapezoidal Marafon","02004","201","TELHA GALVALUME TP 40 0,43MM 4,00M","Estoque","",""
"2026-03-13","Perf. Telha Trapezoidal Marafon","02003","100","TELHA GALVALUME TP 40 0,43MM 3,00M","Estoque","",""
"2026-03-13","Perf. Telha Trapezoidal Marafon","02007","100","TELHA GALVALUME TP 40 0,43MM 7,00M","Estoque","",""
"2026-03-13","Perf. Telha Trapezoidal Marafon","02005","100","TELHA GALVALUME TP 40 0,43MM 5,00M","Estoque","",""
"2026-03-16","Perf. Telha Trapezoidal Marafon","02005","200","TELHA GALVALUME TP 40 0,43MM 5,00M","Estoque","",""
"2026-03-16","Perf. Telha Trapezoidal Marafon","02004","89","TELHA GALVALUME TP 40 0,43MM 4,00M","Estoque","",""
"2026-03-16","Perf. Telha Trapezoidal Marafon","02006","60","TELHA GALVALUME TP 40 0,43MM 6,00M","Estoque","",""
"2026-03-17","Perf. Telha Trapezoidal Marafon","02006","31","TELHA GALVALUME TP 40 0,43MM 6,00M","Estoque","",""
"2026-03-18","Perf. Telha Trapezoidal Marafon","02006","200","TELHA GALVALUME TP 40 0,43MM 6,00M","Estoque","",""
"2026-03-18","Perf. Telha Trapezoidal Marafon","02004","202","TELHA GALVALUME TP 40 0,43MM 4,00M","Estoque","",""
"2026-03-18","Perf. Telha Trapezoidal Marafon","02007","100","TELHA GALVALUME TP 40 0,43MM 7,00M","Estoque","",""
"2026-03-18","Perf. Telha Trapezoidal Marafon","02006","150","TELHA GALVALUME TP 40 0,43MM 6,00M","Estoque","",""
"2026-03-18","Perf. Telha Trapezoidal Marafon","02000","246","TELHA GALVALUME TP 40 0,43MM","Estoque","",""
"2026-03-19","Perf. Telha Trapezoidal Marafon","02000","47","TELHA GALVALUME TP 40 0,43MM","Estoque","",""
"2026-03-19","Perf. Telha Trapezoidal Marafon","02008","50","TELHA GALVALUME TP 40 0,43MM 8,00M","Estoque","",""
"2026-03-19","Perf. Telha Trapezoidal Marafon","02007","50","TELHA GALVALUME TP 40 0,43MM 7,00M","Estoque","",""
"2026-03-19","Perf. Telha Trapezoidal Marafon","02000","50","TELHA GALVALUME TP 40 0,43MM","Estoque","",""
"2026-03-19","Perf. Telha Trapezoidal Marafon","02006","50","TELHA GALVALUME TP 40 0,43MM 6,00M","Estoque","",""
"2026-03-19","Perf. Telha Trapezoidal Marafon","02000","113","TELHA GALVALUME TP 40 0,43MM","Estoque","",""
"2026-03-19","Perf. Telha Trapezoidal Marafon","02003","31","TELHA GALVALUME TP 40 0,43MM 3,00M","Estoque","",""
"2026-03-19","Perf. Telha Trapezoidal Marafon","02020","31","TELHA CUMEEIRA GL TRAP 40 ABAS 300MM","Estoque","",""
"2026-03-19","Perf. Telha Trapezoidal Marafon","02000","164","TELHA GALVALUME TP 40 0,43MM","Estoque","",""
"2026-03-20","Perf. Telha Trapezoidal Marafon","02000","290","TELHA GALVALUME TP 40 0,43MM","Estoque","",""
"2026-03-20","Perf. Telha Trapezoidal Marafon","02020","37","TELHA CUMEEIRA GL TRAP 40 ABAS 300MM","Estoque","",""
"2026-03-20","Perf. Telha Trapezoidal Marafon","02008","35","TELHA GALVALUME TP 40 0,43MM 8,00M","Estoque","",""
"2026-03-20","Perf. Telha Trapezoidal Marafon","02008","65","TELHA GALVALUME TP 40 0,43MM 8,00M","Estoque","",""
"2026-03-20","Perf. Telha Trapezoidal Marafon","02007","100","TELHA GALVALUME TP 40 0,43MM 7,00M","Estoque","",""
"2026-03-20","Perf. Telha Trapezoidal Marafon","02000","26","TELHA GALVALUME TP 40 0,43MM","Estoque","",""
"2026-03-20","Perf. Telha Trapezoidal Marafon","02000","63","TELHA GALVALUME TP 40 0,43MM","Estoque","",""
"2026-03-13","Prensa Recorte 02","81053","2085","CACAMBA M 40 CONSTRUTOR","Estoque","",""
"2026-03-16","Prensa Recorte 02","81053","1563","CACAMBA M 40 CONSTRUTOR","Estoque","",""
"2026-03-16","Prensa Recorte 02","81667","426","CACAMBA M 40 CONST GALV","Estoque","",""
"2026-03-16","Prensa Debrum 03","81823","1132","CACAMBA M 50 5.0","Estoque","",""
"2026-03-16","Prensa Debrum 03","81627","117","CACAMBA M 40 POP GALV","Estoque","",""
"2026-03-17","Prensa Debrum 03","81058","370","CACAMBA M 75 PLUS","Estoque","",""
"2026-03-17","Prensa Recorte 01","81053","196","CACAMBA M 40 CONSTRUTOR","Estoque","",""
"2026-03-17","Prensa Recorte 01","81055","1004","CACAMBA M 60 SUPER","Estoque","",""
"2026-03-16","Prensa Recorte 01","81823","1017","CACAMBA M 50 5.0","Estoque","",""
"2026-03-16","Prensa Recorte 01","81058","173","CACAMBA M 75 PLUS","Estoque","",""
"2026-03-16","Prensa Recorte 01","81823","573","CACAMBA M 50 5.0","Estoque","",""
"2026-03-17","Rodadeira 01","81058","154","CACAMBA M 75 PLUS","Estoque","",""
"2026-03-17","Rodadeira 03","81667","1000","CACAMBA M 40 CONST GALV","Estoque","",""
"2026-03-17","Rodadeira 03","81053","94","CACAMBA M 40 CONSTRUTOR","Estoque","",""
"2026-03-16","Rodadeira 03","81626","590","CACAMBA M 40 POP","Estoque","",""
"2026-03-17","Rodadeira 01","81626","511","CACAMBA M 40 POP","Estoque","",""
"2026-03-17","Rodadeira 01","81627","500","CACAMBA M 40 POP GALV","Estoque","",""
"2026-03-16","Rodadeira 02","81823","520","CACAMBA M 50 5.0","Estoque","",""
"2026-03-16","Rodadeira 02","81058","80","CACAMBA M 75 PLUS","Estoque","",""
"2026-03-17","Rodadeira 02","81058","141","CACAMBA M 75 PLUS","Estoque","",""
"2026-03-17","Rodadeira 02","81055","523","CACAMBA M 60 SUPER","Estoque","",""
"2026-03-23","Perf. Telha Trapezoidal Marafon","02000","212","TELHA GALVALUME TP 40 0,43MM","Estoque","",""
"2026-03-23","Perf. Telha Trapezoidal Marafon","02006","222","TELHA GALVALUME TP 40 0,43MM 6,00M","Estoque","",""
"2026-03-23","Perf. Telha Trapezoidal Marafon","02005","100","TELHA GALVALUME TP 40 0,43MM 5,00M","Estoque","",""
"2026-03-23","Perf. Telha Trapezoidal Marafon","02008","100","TELHA GALVALUME TP 40 0,43MM 8,00M","Estoque","",""
"2026-03-09","Prensa Estampa 09","81667","764","CACAMBA M 40 CONST GALV","Estoque","",""
"2026-03-09","Prensa Estampa 09","81053","222","CACAMBA M 40 CONSTRUTOR","Estoque","",""
"2026-03-06","Prensa Estampa 09","81667","829","CACAMBA M 40 CONST GALV","Estoque","",""
"2026-03-06","Prensa Estampa 04","81627","720","CACAMBA M 40 POP GALV","Estoque","",""
"2026-03-05","Prensa Estampa 04","81627","600","CACAMBA M 40 POP GALV","Estoque","",""
"2026-03-10","Prensa Estampa 09","81053","580","CACAMBA M 40 CONSTRUTOR","Estoque","",""
"2026-03-10","Prensa Estampa 09","81667","464","CACAMBA M 40 CONST GALV","Estoque","",""
"2026-03-11","Prensa Estampa 09","81053","1098","CACAMBA M 40 CONSTRUTOR","Estoque","",""
"2026-03-10","Prensa Debrum 03","81626","850","CACAMBA M 40 POP","Estoque","",""
"2026-03-10","Prensa Debrum 03","81627","300","CACAMBA M 40 POP GALV","Estoque","",""
"2026-03-11","Prensa Debrum 03","81627","80","CACAMBA M 40 POP GALV","Estoque","",""
"2026-03-11","Prensa Debrum 03","81823","860","CACAMBA M 50 5.0","Estoque","",""
"2026-03-11","Prensa Debrum 03","81626","513","CACAMBA M 40 POP","Estoque","",""
"2026-03-10","Rodadeira 01","81626","350","CACAMBA M 40 POP","Estoque","",""
"2026-03-11","Rodadeira 01","81626","280","CACAMBA M 40 POP","Estoque","",""
"2026-03-10","Prensa Recorte 01","81627","400","CACAMBA M 40 POP GALV","Estoque","",""
"2026-03-10","Prensa Recorte 01","81626","536","CACAMBA M 40 POP","Estoque","",""
"2026-03-10","Prensa Recorte 01","81823","183","CACAMBA M 50 5.0","Estoque","",""
"2026-03-11","Prensa Recorte 01","81823","674","CACAMBA M 50 5.0","Estoque","",""
"2026-03-11","Prensa Recorte 01","81626","836","CACAMBA M 40 POP","Estoque","",""
"2026-03-10","Rodadeira 02","81626","290","CACAMBA M 40 POP","Estoque","",""
"2026-03-10","Rodadeira 02","81627","195","CACAMBA M 40 POP GALV","Estoque","",""
"2026-03-10","Rodadeira 02","81823","91","CACAMBA M 50 5.0","Estoque","",""
"2026-03-11","Rodadeira 02","81823","454","CACAMBA M 50 5.0","Estoque","",""
"2026-03-11","Rodadeira 02","81626","500","CACAMBA M 40 POP","Estoque","",""
"2026-03-10","Rodadeira 03","81667","900","CACAMBA M 40 CONST GALV","Estoque","",""
"2026-03-11","Rodadeira 03","81053","730","CACAMBA M 40 CONSTRUTOR","Estoque","",""
"2026-03-10","Prensa Estampa 04","81627","307","CACAMBA M 40 POP GALV","Estoque","",""
"2026-03-10","Prensa Estampa 04","81626","53","CACAMBA M 40 POP","Estoque","",""
"2026-03-09","Prensa Estampa 04","81627","318","CACAMBA M 40 POP GALV","Estoque","",""
"2026-03-09","Rodadeira 01","81627","1060","CACAMBA M 40 POP GALV","Estoque","",""
"2026-03-10","Rodadeira 01","81627","732","CACAMBA M 40 POP GALV","Estoque","",""
"2026-03-09","Prensa Recorte 02","81667","2080","CACAMBA M 40 CONST GALV","Estoque","",""
"2026-03-10","Prensa Recorte 02","81667","151","CACAMBA M 40 CONST GALV","Estoque","",""
"2026-03-10","Prensa Recorte 02","81053","201","CACAMBA M 40 CONSTRUTOR","Estoque","",""
"2026-03-24","Perf. Telha Trapezoidal Marafon","02000","228","TELHA GALVALUME TP 40 0,43MM","Estoque","",""
"2026-03-24","Perf. Telha Trapezoidal Marafon","02006","36","TELHA GALVALUME TP 40 0,43MM 6,00M","Estoque","",""
"2026-03-24","Perf. Telha Trapezoidal Marafon","02003","18","TELHA GALVALUME TP 40 0,43MM 3,00M","Estoque","",""
"2026-03-24","Perf. Telha Trapezoidal Marafon","02003","2","TELHA GALVALUME TP 40 0,43MM 3,00M","Estoque","",""
"2026-03-24","Perf. Telha Trapezoidal Marafon","02005","24","TELHA GALVALUME TP 40 0,43MM 5,00M","Estoque","",""
"2026-03-24","Perf. Telha Trapezoidal Marafon","02004","12","TELHA GALVALUME TP 40 0,43MM 4,00M","Estoque","",""
"2026-03-24","Perf. Telha Trapezoidal Marafon","02003","12","TELHA GALVALUME TP 40 0,43MM 3,00M","Estoque","",""
"2026-03-24","Perf. Telha Trapezoidal Marafon","02020","23","TELHA CUMEEIRA GL TRAP 40 ABAS 300MM","Estoque","",""
"2026-03-24","Perf. Telha Trapezoidal Marafon","02020","11","TELHA CUMEEIRA GL TRAP 40 ABAS 300MM","Estoque","",""
"2026-03-24","Perf. Telha Trapezoidal Marafon","02006","1","TELHA GALVALUME TP 40 0,43MM 6,00M","Estoque","",""
"2026-03-24","Perf. Telha Trapezoidal Marafon","02004","2","TELHA GALVALUME TP 40 0,43MM 4,00M","Estoque","",""
"2026-03-24","Perf. Telha Trapezoidal Marafon","02020","12","TELHA CUMEEIRA GL TRAP 40 ABAS 300MM","Estoque","",""
"2026-03-24","Perf. Telha Trapezoidal Marafon","02005","9","TELHA GALVALUME TP 40 0,43MM 5,00M","Estoque","",""
"2026-03-24","Perf. Telha Trapezoidal Marafon","02004","11","TELHA GALVALUME TP 40 0,43MM 4,00M","Estoque","",""
"2026-03-24","Perf. Telha Trapezoidal Marafon","02005","6","TELHA GALVALUME TP 40 0,43MM 5,00M","Estoque","",""
"2026-03-24","Perf. Telha Trapezoidal Marafon","02006","100","TELHA GALVALUME TP 40 0,43MM 6,00M","Estoque","",""
"2026-03-17","Prensa Recorte 02","81667","1169","CACAMBA M 40 CONST GALV","Estoque","",""
"2026-03-18","Prensa Recorte 02","81667","1770","CACAMBA M 40 CONST GALV","Estoque","",""
"2026-03-18","Rodadeira 03","81823","530","CACAMBA M 50 5.0","Estoque","",""
"2026-03-18","Rodadeira 03","81055","110","CACAMBA M 60 SUPER","Estoque","",""
"2026-03-19","Rodadeira 02","81667","630","CACAMBA M 40 CONST GALV","Estoque","",""
"2026-03-18","Rodadeira 02","81667","1030","CACAMBA M 40 CONST GALV","Estoque","",""
"2026-03-18","Rodadeira 03","81667","437","CACAMBA M 40 CONST GALV","Estoque","",""
"2026-03-18","Rodadeira 01","81627","775","CACAMBA M 40 POP GALV","Estoque","",""
"2026-03-19","Rodadeira 02","81055","186","CACAMBA M 60 SUPER","Estoque","",""
"2026-03-20","Rodadeira 03","81053","200","CACAMBA M 40 CONSTRUTOR","Estoque","",""
"2026-03-20","Rodadeira 03","81667","625","CACAMBA M 40 CONST GALV","Estoque","",""
"2026-03-23","Rodadeira 03","81667","900","CACAMBA M 40 CONST GALV","Estoque","",""
"2026-03-20","Rodadeira 03","81667","647","CACAMBA M 40 CONST GALV","Estoque","",""
"2026-03-20","Rodadeira 03","81627","500","CACAMBA M 40 POP GALV","Estoque","",""
"2026-03-19","Prensa Debrum 03","81055","1075","CACAMBA M 60 SUPER","Estoque","",""
"2026-03-17","Prensa Debrum 03","81667","1060","CACAMBA M 40 CONST GALV","Estoque","",""
"2026-03-16","Prensa Debrum 03","81667","945","CACAMBA M 40 CONST GALV","Estoque","",""
"2026-03-19","Prensa Estampa 09","81667","1115","CACAMBA M 40 CONST GALV","Estoque","",""
"2026-03-18","Prensa Estampa 09","81667","960","CACAMBA M 40 CONST GALV","Estoque","",""
"2026-03-19","Prensa Recorte 02","81667","1525","CACAMBA M 40 CONST GALV","Estoque","",""
"2026-03-20","Prensa Recorte 02","81667","1000","CACAMBA M 40 CONST GALV","Estoque","",""
"2026-03-23","Rodadeira 01","81055","500","CACAMBA M 60 SUPER","Estoque","",""
"2026-03-23","Rodadeira 01","81058","100","CACAMBA M 75 PLUS","Estoque","",""
"2026-03-20","Prensa Recorte 01","81055","1108","CACAMBA M 60 SUPER","Estoque","",""
"2026-03-20","Prensa Recorte 01","81058","42","CACAMBA M 75 PLUS","Estoque","",""
"2026-03-23","Prensa Recorte 01","81058","961","CACAMBA M 75 PLUS","Estoque","",""
"2026-03-23","Prensa Estampa 09","81667","925","CACAMBA M 40 CONST GALV","Estoque","",""
"2026-03-23","Prensa Estampa 09","81667","55","CACAMBA M 40 CONST GALV","Estoque","",""
"2026-03-20","Prensa Estampa 09","81667","1020","CACAMBA M 40 CONST GALV","Estoque","",""
"2026-03-25","Perf. Telha Trapezoidal Marafon","02006","400","TELHA GALVALUME TP 40 0,43MM 6,00M","Estoque","",""
"2026-03-25","Perf. Telha Trapezoidal Marafon","02005","400","TELHA GALVALUME TP 40 0,43MM 5,00M","Estoque","",""
"2026-03-25","Perf. Telha Trapezoidal Marafon","02000","26","TELHA GALVALUME TP 40 0,43MM","Estoque","",""
"2026-03-25","Perf. Telha Ondulada V8","02017","9","TELHA GALVALUME OND 17 0,43MM 7,00M","Estoque","",""
"2026-03-25","Perf. Telha Ondulada V8","02015","15","TELHA GALVALUME OND 17 0,43MM 5,00M","Estoque","",""
"2026-03-25","Perf. Telha Ondulada V8","02015","18","TELHA GALVALUME OND 17 0,43MM 5,00M","Estoque","",""
"2026-03-25","Perf. Telha Ondulada V8","02014","6","TELHA GALVALUME OND 17 0,43MM 4,00M","Estoque","",""
"2026-03-13","Prensa Estampa 04","81823","746","CACAMBA M 50 5.0","Estoque","",""
"2026-03-17","Prensa 500 ton","81055","627","CACAMBA M 60 SUPER","Estoque","",""
"2026-03-18","Prensa 500 ton","81055","480","CACAMBA M 60 SUPER","Estoque","",""
"2026-03-18","Prensa Estampa 04","81823","239","CACAMBA M 50 5.0","Estoque","",""
"2026-03-20","Prensa 500 ton","81058","693","CACAMBA M 75 PLUS","Estoque","",""
"2026-03-23","Rodadeira 02","81058","100","CACAMBA M 75 PLUS","Estoque","",""
"2026-03-23","Rodadeira 02","81055","150","CACAMBA M 60 SUPER","Estoque","",""
"2026-03-24","Rodadeira 02","81058","343","CACAMBA M 75 PLUS","Estoque","",""
"2026-03-23","Prensa 500 ton","81058","448","CACAMBA M 75 PLUS","Estoque","",""
"2026-03-23","Prensa Recorte 02","81667","1953","CACAMBA M 40 CONST GALV","Estoque","",""
"2026-03-24","Prensa Recorte 02","81667","1600","CACAMBA M 40 CONST GALV","Estoque","",""
"2026-03-24","Prensa Estampa 09","81667","1055","CACAMBA M 40 CONST GALV","Estoque","",""
"2026-03-24","Rodadeira 01","81058","450","CACAMBA M 75 PLUS","Estoque","",""
"2026-03-26","Perf. Telha Trapezoidal Marafon","02007","300","TELHA GALVALUME TP 40 0,43MM 7,00M","Estoque","",""
"2026-03-26","Perf. Telha Trapezoidal Marafon","02003","200","TELHA GALVALUME TP 40 0,43MM 3,00M","Estoque","",""
"2026-03-26","Perf. Telha Trapezoidal Marafon","02004","200","TELHA GALVALUME TP 40 0,43MM 4,00M","Estoque","",""
"2026-03-26","Perf. Telha Trapezoidal Marafon","02000","50","TELHA GALVALUME TP 40 0,43MM","Estoque","",""
"2026-03-27","Perf. Telha Trapezoidal Marafon","02006","93","TELHA GALVALUME TP 40 0,43MM 6,00M","Estoque","",""
"2026-03-27","Perf. Telha Trapezoidal Marafon","02000","230","TELHA GALVALUME TP 40 0,43MM","Estoque","",""
"2026-03-27","Perf. Telha Trapezoidal Marafon","02003","8","TELHA GALVALUME TP 40 0,43MM 3,00M","Estoque","",""
"2026-03-27","Perf. Telha Trapezoidal Marafon","02003","9","TELHA GALVALUME TP 40 0,43MM 3,00M","Estoque","",""
"2026-03-27","Perf. Telha Trapezoidal Marafon","02004","9","TELHA GALVALUME TP 40 0,43MM 4,00M","Estoque","",""
"2026-03-27","Perf. Telha Trapezoidal Marafon","02008","6","TELHA GALVALUME TP 40 0,43MM 8,00M","Estoque","",""
"2026-03-27","Perf. Telha Trapezoidal Marafon","02007","56","TELHA GALVALUME TP 40 0,43MM 7,00M","Estoque","",""
"2026-03-27","Perf. Telha Trapezoidal Marafon","02004","1","TELHA GALVALUME TP 40 0,43MM 4,00M","Estoque","",""
"2026-03-27","Perf. Telha Trapezoidal Marafon","02005","142","TELHA GALVALUME TP 40 0,43MM 5,00M","Estoque","",""
"2026-03-30","Perf. Telha Trapezoidal Marafon","02005","58","TELHA GALVALUME TP 40 0,43MM 5,00M","Estoque","",""
"2026-03-30","Perf. Telha Ondulada V8","02016","29","TELHA GALVALUME OND 17 0,43MM 6,00M","Estoque","",""
"2026-03-30","Perf. Telha Ondulada V8","02000","32","TELHA GALVALUME TP 40 0,43MM","Estoque","",""
